Alloy_System,Coating_Type,Chemical_Species,pH,Temperature_C,Humidity_%,Exposure_Duration_days,Flow_Condition,Stress_State,Corrosion_Rate_mpy
Carbon Steel,Chromium Coating,Chloride,12,65,95,667,Static,High,68.91959305
Carbon Steel,Polymer Coating,Sulfate,12,95,80,1295,Dynamic,Low,64.21598479
Carbon Steel,Paint Coating,Sulfate,11,45,100,372,Dynamic,Low,60.16346287
Carbon Steel,Polymer Coating,Carbonate,11,25,100,1282,Dynamic,High,49.70187509
Carbon Steel,Polymer Coating,Mixed,2,30,100,892,Dynamic,High,49.46058782
Carbon Steel,Paint Coating,Chloride,12,45,60,1023,Dynamic,Moderate,47.93065602
Carbon Steel,Phosphate Conversion,Sulfate,11,50,85,820,Static,High,47.72076604
Carbon Steel,Zinc Coating,Nitrate,11,100,95,1093,Static,Low,46.41975565
Carbon Steel,Paint Coating,Carbonate,3,65,70,1523,Dynamic,High,44.21052561
Aluminum Alloy,Nickel Coating,Chloride,12,60,95,3492,Dynamic,High,43.80459902
Carbon Steel,Nickel Coating,Chloride,5,65,55,2344,Dynamic,High,42.13665791
Carbon Steel,Polymer Coating,Chloride,7,-5,100,33,Dynamic,High,39.82828537
Carbon Steel,Nickel Coating,Chloride,5,80,65,1567,Dynamic,Moderate,38.03113265
Carbon Steel,Anodized Coating,Sulfate,11,80,50,3250,Static,High,35.83237066
Carbon Steel,Phosphate Conversion,Mixed,2,90,100,19,Static,Moderate,35.33850159
Carbon Steel,Zinc Coating,Chloride,6,75,90,2988,Static,Moderate,34.91577798
Carbon Steel,Anodized Coating,Carbonate,6,95,80,2990,Dynamic,High,34.87703862
Carbon Steel,Chromium Coating,Mixed,11,65,80,2498,Dynamic,Moderate,34.19385384
Carbon Steel,Phosphate Conversion,Carbonate,11,75,75,1013,Dynamic,Low,34.07578884
Carbon Steel,Nickel Coating,Chloride,2,5,85,2176,Static,Low,33.9811384
Carbon Steel,Phosphate Conversion,Nitrate,3,90,65,2688,Dynamic,Low,33.9216547
Carbon Steel,Zinc Coating,Carbonate,2,70,85,226,Dynamic,Low,33.50133218
Carbon Steel,Anodized Coating,Chloride,7,90,50,755,Dynamic,High,33.27392652
Carbon Steel,Chromium Coating,Nitrate,12,75,60,3297,Static,High,33.21032756
Carbon Steel,Polymer Coating,Carbonate,9,90,100,2444,Dynamic,Moderate,32.5930249
Carbon Steel,Chromium Coating,Chloride,11,100,35,2059,Static,High,32.52001955
Carbon Steel,Anodized Coating,Carbonate,11,45,95,793,Dynamic,Low,31.77168001
Carbon Steel,Phosphate Conversion,Sulfate,10,80,70,2588,Dynamic,High,31.64239556
Carbon Steel,Nickel Coating,Chloride,7,50,70,1721,Static,High,31.42067289
Carbon Steel,Chromium Coating,Chloride,11,95,35,2420,Static,Moderate,31.40379841
Aluminum Alloy,Zinc Coating,Chloride,7,95,90,1209,Dynamic,High,30.20660699
Carbon Steel,Anodized Coating,Carbonate,11,55,95,1222,Dynamic,Low,29.94963646
Aluminum Alloy,Phosphate Conversion,Chloride,12,75,85,2737,Dynamic,Low,29.57184205
Carbon Steel,Polymer Coating,Nitrate,12,25,50,3019,Dynamic,High,29.45803849
Carbon Steel,Anodized Coating,Carbonate,4,90,95,1453,Dynamic,High,28.6709935
Carbon Steel,Anodized Coating,Chloride,3,10,35,1241,Dynamic,High,28.60965449
Copper Alloy,Phosphate Conversion,Chloride,11,85,80,1258,Dynamic,High,28.30484964
Aluminum Alloy,Nickel Coating,Chloride,12,100,85,1572,Static,Low,28.1778267
Carbon Steel,Anodized Coating,Sulfate,10,70,90,925,Static,Moderate,27.54144501
Aluminum Alloy,Zinc Coating,Sulfate,12,45,100,3085,Dynamic,Moderate,27.52832273
Carbon Steel,Anodized Coating,Nitrate,12,25,80,3603,Dynamic,Low,27.25850648
Carbon Steel,Zinc Coating,Nitrate,3,85,40,556,Static,High,25.87252764
Aluminum Alloy,Anodized Coating,Nitrate,12,90,90,3428,Dynamic,Moderate,25.60366365
Carbon Steel,Paint Coating,Nitrate,4,40,85,1004,Static,High,25.50047275
Carbon Steel,Nickel Coating,Mixed,3,15,85,880,Dynamic,Low,25.4530346
Carbon Steel,Chromium Coating,Chloride,6,45,65,1236,Static,Moderate,25.44312238
Aluminum Alloy,Anodized Coating,Chloride,12,80,90,2977,Dynamic,Low,25.37997032
Carbon Steel,Chromium Coating,Carbonate,2,60,65,2117,Static,High,25.32150472
Carbon Steel,Polymer Coating,Chloride,4,15,100,2608,Static,Moderate,25.16740635
Aluminum Alloy,Chromium Coating,Chloride,6,95,95,1166,Dynamic,High,24.90587848
Carbon Steel,Polymer Coating,Nitrate,10,35,100,2685,Dynamic,Low,24.13300062
Carbon Steel,Nickel Coating,Nitrate,12,100,50,25,Dynamic,Low,23.87277395
Carbon Steel,Paint Coating,Carbonate,12,0,85,2667,Dynamic,Moderate,23.67328708
Carbon Steel,Phosphate Conversion,Sulfate,10,-5,95,1006,Dynamic,Moderate,23.61462145
Carbon Steel,Nickel Coating,Chloride,10,45,35,2579,Dynamic,High,23.46598337
Carbon Steel,Chromium Coating,Nitrate,9,85,70,319,Dynamic,Moderate,23.0434657
Carbon Steel,Chromium Coating,Sulfate,6,45,85,2179,Static,High,22.76077939
Aluminum Alloy,Anodized Coating,Chloride,11,70,65,3521,Dynamic,Moderate,22.08866428
Carbon Steel,Paint Coating,Chloride,8,15,70,3171,Static,Moderate,21.81406883
Copper Alloy,Nickel Coating,Sulfate,11,55,100,188,Dynamic,Moderate,21.66633081
Carbon Steel,Polymer Coating,Nitrate,2,70,35,3434,Dynamic,Moderate,21.38247986
Aluminum Alloy,Nickel Coating,Mixed,11,85,95,3571,Dynamic,High,21.31294796
Carbon Steel,Anodized Coating,Mixed,6,80,90,1509,Dynamic,Low,21.23989457
Carbon Steel,Anodized Coating,Chloride,12,90,30,3300,Static,Low,21.09822535
Aluminum Alloy,Polymer Coating,Chloride,4,75,90,1469,Dynamic,High,20.76114191
Carbon Steel,Anodized Coating,Sulfate,11,-15,90,3628,Static,Low,20.6622112
Carbon Steel,Chromium Coating,Mixed,11,85,40,955,Dynamic,Low,20.6426472
Carbon Steel,Anodized Coating,Carbonate,6,60,80,290,Dynamic,Moderate,20.62323517
Carbon Steel,Phosphate Conversion,Nitrate,4,35,90,2215,Dynamic,Low,20.58669788
Carbon Steel,Polymer Coating,Chloride,10,5,95,2533,Static,Low,20.41657611
Aluminum Alloy,Chromium Coating,Chloride,12,95,65,3486,Dynamic,Low,19.98626617
Carbon Steel,Zinc Coating,Carbonate,6,80,80,3098,Dynamic,Moderate,19.71497427
Carbon Steel,Zinc Coating,Nitrate,5,60,65,1802,Static,High,19.6882918
Copper Alloy,Anodized Coating,Sulfate,3,70,90,1222,Static,High,19.42766163
Copper Alloy,Zinc Coating,Chloride,3,85,70,2938,Dynamic,Low,19.18575891
Carbon Steel,Phosphate Conversion,Sulfate,10,100,50,3142,Dynamic,Low,18.92444851
Carbon Steel,Phosphate Conversion,Chloride,9,40,30,2972,Dynamic,High,18.7103426
Carbon Steel,Chromium Coating,Carbonate,4,15,95,692,Dynamic,High,18.69874229
Carbon Steel,Phosphate Conversion,Mixed,11,20,50,3163,Dynamic,Moderate,18.63838308
Carbon Steel,Phosphate Conversion,Sulfate,5,20,60,464,Static,High,18.60051085
Copper Alloy,Nickel Coating,Chloride,2,95,60,2235,Static,High,18.57684061
Carbon Steel,Phosphate Conversion,Sulfate,5,-5,65,3468,Dynamic,High,18.0677473
Stainless Steel,Zinc Coating,Chloride,11,90,75,161,Static,High,17.95981856
Carbon Steel,Phosphate Conversion,Carbonate,3,-10,80,261,Dynamic,Moderate,17.91634636
Aluminum Alloy,Nickel Coating,Chloride,3,95,40,220,Dynamic,Moderate,17.73752527
Carbon Steel,Anodized Coating,Nitrate,6,55,90,2888,Dynamic,Low,17.6498807
Carbon Steel,Chromium Coating,Mixed,8,45,90,3593,Dynamic,Low,17.52973945
Aluminum Alloy,Paint Coating,Sulfate,11,35,75,3145,Static,High,17.35000139
Carbon Steel,Chromium Coating,Chloride,8,35,60,3057,Dynamic,Low,17.29592571
Carbon Steel,Nickel Coating,Carbonate,11,15,50,581,Dynamic,Moderate,17.26134429
Copper Alloy,Zinc Coating,Nitrate,11,40,95,1937,Dynamic,High,17.25376967
Stainless Steel,Zinc Coating,Chloride,3,85,100,378,Static,High,17.19200698
Aluminum Alloy,Chromium Coating,Chloride,6,85,75,2628,Dynamic,Low,17.00966957
Aluminum Alloy,Chromium Coating,Nitrate,2,90,90,2349,Static,Low,16.14421427
Carbon Steel,Nickel Coating,Sulfate,9,85,55,830,Static,Moderate,16.00655819
Carbon Steel,Polymer Coating,Nitrate,5,0,80,3416,Static,High,15.82945928
Carbon Steel,Zinc Coating,Mixed,2,35,40,1525,Dynamic,High,15.72034036
Carbon Steel,Anodized Coating,Carbonate,8,75,70,693,Dynamic,Moderate,15.69475114
Carbon Steel,Zinc Coating,Chloride,5,30,45,3002,Dynamic,Moderate,15.59856231
Copper Alloy,Nickel Coating,Chloride,3,85,45,3131,Dynamic,Moderate,15.53425451
Carbon Steel,Paint Coating,Sulfate,9,80,35,194,Dynamic,Moderate,15.40467777
Aluminum Alloy,Zinc Coating,Chloride,6,90,85,916,Static,Moderate,15.37272304
Stainless Steel,Nickel Coating,Chloride,11,100,65,2137,Dynamic,High,15.37171733
Aluminum Alloy,Anodized Coating,Sulfate,12,70,90,556,Static,Low,15.28262471
Aluminum Alloy,Chromium Coating,Chloride,2,45,60,1934,Dynamic,Low,15.27793857
Carbon Steel,Nickel Coating,Chloride,7,25,45,3131,Static,High,15.23119711
Carbon Steel,Chromium Coating,Mixed,8,100,45,1914,Static,High,15.16029628
Carbon Steel,Anodized Coating,Carbonate,8,45,50,3051,Dynamic,High,15.07682844
Aluminum Alloy,Paint Coating,Chloride,9,90,90,1026,Static,Low,14.97006122
Copper Alloy,Polymer Coating,Nitrate,2,35,100,787,Dynamic,Moderate,14.90675468
Carbon Steel,Polymer Coating,Nitrate,8,85,40,3642,Dynamic,Moderate,14.84764054
Carbon Steel,Polymer Coating,Mixed,8,85,75,2156,Static,Low,14.70531529
Aluminum Alloy,Anodized Coating,Chloride,12,-10,75,814,Dynamic,Low,14.68207045
Nickel-Based Alloy,Zinc Coating,Chloride,11,60,100,772,Static,High,14.65713065
Carbon Steel,Chromium Coating,Carbonate,2,40,25,831,Dynamic,High,14.64100097
Carbon Steel,Anodized Coating,Chloride,12,30,20,3346,Dynamic,Low,14.57296097
Aluminum Alloy,Polymer Coating,Chloride,4,-5,90,2119,Dynamic,High,14.55721932
Aluminum Alloy,Phosphate Conversion,Chloride,4,45,70,1237,Static,High,14.44527546
Carbon Steel,Anodized Coating,Nitrate,8,85,40,1163,Dynamic,Moderate,14.39468154
Carbon Steel,Nickel Coating,Carbonate,6,20,80,3237,Dynamic,Moderate,14.24830334
Aluminum Alloy,Nickel Coating,Sulfate,4,25,100,678,Dynamic,High,14.1733458
Carbon Steel,Zinc Coating,Nitrate,9,50,60,1886,Static,High,14.11251316
Stainless Steel,Nickel Coating,Sulfate,3,60,80,1104,Dynamic,High,14.04685173
Carbon Steel,Polymer Coating,Mixed,5,0,90,3070,Dynamic,Moderate,13.9684028
Copper Alloy,Nickel Coating,Sulfate,3,80,70,2545,Static,Moderate,13.93698763
Carbon Steel,Chromium Coating,Carbonate,8,5,95,3215,Dynamic,Moderate,13.72895039
Carbon Steel,Phosphate Conversion,Sulfate,7,35,35,3498,Dynamic,High,13.65734713
Aluminum Alloy,Paint Coating,Chloride,8,55,85,3178,Dynamic,Low,13.63326142
Stainless Steel,Phosphate Conversion,Sulfate,11,60,100,2751,Dynamic,Moderate,13.52225956
Carbon Steel,Polymer Coating,Chloride,5,5,80,62,Static,Low,13.47700061
Carbon Steel,Zinc Coating,Sulfate,6,-15,80,2657,Static,High,13.43291017
Aluminum Alloy,Phosphate Conversion,Chloride,8,55,60,2456,Dynamic,Moderate,13.43132684
Aluminum Alloy,Anodized Coating,Nitrate,8,65,90,1885,Dynamic,High,13.36230191
Copper Alloy,Anodized Coating,Chloride,11,15,90,70,Dynamic,Low,13.31689582
Carbon Steel,Zinc Coating,Chloride,3,-15,20,421,Dynamic,High,13.29719365
Carbon Steel,Nickel Coating,Sulfate,10,-10,90,2347,Dynamic,Low,13.28683247
Stainless Steel,Chromium Coating,Chloride,2,30,80,940,Static,High,13.27581327
Aluminum Alloy,Paint Coating,Chloride,8,55,60,2537,Static,High,13.1040253
Carbon Steel,Polymer Coating,Sulfate,3,-10,30,419,Dynamic,High,13.09418785
Carbon Steel,Phosphate Conversion,Nitrate,9,-5,80,1069,Static,Moderate,13.0683278
Copper Alloy,Chromium Coating,Nitrate,11,40,100,2856,Dynamic,Moderate,13.05111011
Copper Alloy,Chromium Coating,Nitrate,12,95,90,2239,Static,Low,13.0378466
Copper Alloy,Paint Coating,Chloride,11,-10,75,1218,Dynamic,Moderate,12.97823062
Stainless Steel,Nickel Coating,Chloride,11,90,70,2749,Dynamic,Moderate,12.95254249
Carbon Steel,Paint Coating,Carbonate,7,15,85,3265,Dynamic,Moderate,12.94938632
Carbon Steel,Polymer Coating,Carbonate,2,85,30,1942,Static,High,12.93177413
Aluminum Alloy,Phosphate Conversion,Chloride,4,40,85,1435,Dynamic,Low,12.83207711
Copper Alloy,Anodized Coating,Carbonate,11,50,100,2840,Dynamic,Moderate,12.81596935
Aluminum Alloy,Anodized Coating,Sulfate,5,20,100,3419,Static,High,12.78608711
Stainless Steel,Phosphate Conversion,Chloride,11,50,75,1508,Static,High,12.7048192
Carbon Steel,Phosphate Conversion,Chloride,4,50,30,228,Static,High,12.69162774
Aluminum Alloy,Phosphate Conversion,Chloride,2,45,50,3117,Static,Low,12.45500624
Aluminum Alloy,Nickel Coating,Chloride,8,35,60,306,Dynamic,High,12.45402261
Carbon Steel,Nickel Coating,Sulfate,8,65,45,2234,Dynamic,Low,12.41617026
Aluminum Alloy,Paint Coating,Carbonate,2,100,75,1382,Static,Moderate,12.36820711
Carbon Steel,Chromium Coating,Chloride,8,50,30,1590,Static,High,12.27993375
Aluminum Alloy,Phosphate Conversion,Carbonate,10,45,95,2710,Dynamic,High,12.24734638
Carbon Steel,Chromium Coating,Carbonate,5,-15,80,2338,Dynamic,High,12.12307574
Nickel-Based Alloy,Chromium Coating,Sulfate,2,85,95,2433,Dynamic,Moderate,12.09048191
Copper Alloy,Nickel Coating,Chloride,9,65,95,1391,Dynamic,Low,12.03422942
Carbon Steel,Anodized Coating,Nitrate,5,15,45,2809,Dynamic,High,12.02576283
Aluminum Alloy,Phosphate Conversion,Chloride,6,85,60,1443,Dynamic,Moderate,11.91958676
Stainless Steel,Phosphate Conversion,Chloride,4,100,100,654,Dynamic,Low,11.90592452
Copper Alloy,Nickel Coating,Nitrate,3,35,90,2087,Dynamic,Low,11.86726693
Copper Alloy,Chromium Coating,Chloride,2,-15,90,833,Dynamic,Moderate,11.81634057
Aluminum Alloy,Zinc Coating,Chloride,7,55,65,136,Dynamic,Low,11.7942682
Carbon Steel,Zinc Coating,Mixed,6,10,75,3454,Static,High,11.72623504
Nickel-Based Alloy,Zinc Coating,Chloride,11,20,85,2040,Dynamic,High,11.68774003
Aluminum Alloy,Paint Coating,Nitrate,2,80,75,779,Static,Moderate,11.60892159
Copper Alloy,Polymer Coating,Chloride,10,15,95,2351,Static,High,11.57857346
Copper Alloy,Chromium Coating,Chloride,8,25,90,11,Dynamic,High,11.57304651
Stainless Steel,Zinc Coating,Chloride,3,55,90,3486,Static,Moderate,11.45646027
Aluminum Alloy,Paint Coating,Chloride,4,45,100,2782,Static,Low,11.38033573
Copper Alloy,Paint Coating,Carbonate,11,70,95,2062,Dynamic,Moderate,11.36047164
Copper Alloy,Polymer Coating,Mixed,3,70,90,1964,Static,High,11.33097341
Carbon Steel,Phosphate Conversion,Carbonate,11,5,50,1567,Dynamic,Low,11.30570896
Carbon Steel,Zinc Coating,Nitrate,12,65,15,2515,Dynamic,High,11.20951246
Carbon Steel,Anodized Coating,Sulfate,5,20,45,1540,Static,Moderate,11.18984714
Copper Alloy,Phosphate Conversion,Sulfate,7,95,95,402,Dynamic,Low,11.15129876
Aluminum Alloy,Zinc Coating,Sulfate,8,85,85,655,Static,Moderate,11.14317667
Nickel-Based Alloy,Anodized Coating,Chloride,2,25,95,3412,Dynamic,Moderate,11.1098017
Carbon Steel,Nickel Coating,Nitrate,7,25,60,3319,Static,High,11.08849149
Aluminum Alloy,Polymer Coating,Sulfate,3,15,70,1592,Static,Moderate,11.06273445
Carbon Steel,Phosphate Conversion,Sulfate,7,0,75,548,Static,Moderate,11.06082055
Copper Alloy,Chromium Coating,Sulfate,3,40,80,3087,Static,Moderate,11.04328071
Carbon Steel,Zinc Coating,Nitrate,8,40,60,79,Static,Low,10.94495647
Carbon Steel,Phosphate Conversion,Chloride,12,80,15,3059,Dynamic,Low,10.85698401
Aluminum Alloy,Paint Coating,Mixed,9,70,75,877,Dynamic,High,10.81809899
Copper Alloy,Nickel Coating,Mixed,3,25,95,3424,Dynamic,High,10.76062
Copper Alloy,Zinc Coating,Mixed,3,60,70,192,Dynamic,Moderate,10.71858426
Aluminum Alloy,Zinc Coating,Chloride,3,5,60,288,Static,Low,10.61438209
Carbon Steel,Phosphate Conversion,Mixed,9,10,75,1343,Dynamic,Moderate,10.60462176
Copper Alloy,Nickel Coating,Chloride,3,5,50,2389,Dynamic,High,10.56712349
Aluminum Alloy,Phosphate Conversion,Sulfate,3,30,90,2056,Static,Low,10.53535803
Aluminum Alloy,Anodized Coating,Carbonate,3,30,65,2459,Dynamic,High,10.53030758
Aluminum Alloy,Chromium Coating,Chloride,11,-20,60,596,Static,High,10.50971965
Carbon Steel,Zinc Coating,Mixed,8,50,80,1920,Static,Low,10.50303907
Aluminum Alloy,Anodized Coating,Sulfate,7,95,65,972,Static,Moderate,10.49230103
Stainless Steel,Chromium Coating,Chloride,2,95,70,3061,Static,Moderate,10.4753831
Carbon Steel,Anodized Coating,Sulfate,2,-15,30,1304,Static,High,10.46320373
Copper Alloy,Nickel Coating,Nitrate,12,30,95,1798,Dynamic,Moderate,10.42684658
Carbon Steel,Paint Coating,Mixed,9,10,75,2952,Static,Moderate,10.34945877
Nickel-Based Alloy,Chromium Coating,Sulfate,3,95,80,1606,Static,High,10.31308309
Aluminum Alloy,Chromium Coating,Sulfate,9,70,75,1813,Static,High,10.23740958
Carbon Steel,Chromium Coating,Nitrate,3,45,30,2035,Static,Moderate,10.19569671
Copper Alloy,Phosphate Conversion,Chloride,4,-15,85,1550,Dynamic,High,10.07084865
Carbon Steel,Phosphate Conversion,Mixed,2,10,45,2210,Static,Moderate,9.9935487
Nickel-Based Alloy,Chromium Coating,Chloride,12,70,85,2748,Static,High,9.92528991
Carbon Steel,Nickel Coating,Carbonate,4,-10,85,1430,Static,Moderate,9.898341562
Copper Alloy,Nickel Coating,Sulfate,4,75,75,3354,Dynamic,High,9.770607655
Carbon Steel,Anodized Coating,Mixed,8,60,45,1346,Dynamic,Low,9.758615302
Stainless Steel,Anodized Coating,Chloride,4,90,90,1678,Static,High,9.729160921
Aluminum Alloy,Chromium Coating,Nitrate,10,55,100,164,Static,High,9.705777245
Aluminum Alloy,Nickel Coating,Nitrate,7,100,95,181,Static,Low,9.683663451
Aluminum Alloy,Phosphate Conversion,Chloride,5,30,80,332,Static,Moderate,9.672269786
Stainless Steel,Zinc Coating,Sulfate,3,30,80,1088,Dynamic,High,9.642607926
Aluminum Alloy,Polymer Coating,Sulfate,8,60,85,1358,Static,Moderate,9.561091373
Copper Alloy,Phosphate Conversion,Sulfate,2,15,90,3514,Static,Low,9.443720754
Aluminum Alloy,Anodized Coating,Nitrate,10,50,85,2313,Dynamic,Low,9.369561914
Aluminum Alloy,Chromium Coating,Sulfate,6,70,50,439,Dynamic,High,9.368407818
Aluminum Alloy,Zinc Coating,Mixed,3,60,35,3084,Dynamic,High,9.364212846
Aluminum Alloy,Anodized Coating,Chloride,5,50,45,1329,Dynamic,High,9.328016947
Stainless Steel,Zinc Coating,Chloride,6,50,95,2313,Dynamic,Moderate,9.290930016
Aluminum Alloy,Anodized Coating,Sulfate,8,70,80,731,Dynamic,Low,9.286739513
Copper Alloy,Chromium Coating,Mixed,3,25,80,2576,Dynamic,High,9.242063514
Aluminum Alloy,Polymer Coating,Nitrate,12,50,65,3168,Static,Moderate,9.225437675
Aluminum Alloy,Paint Coating,Carbonate,2,15,70,1483,Dynamic,Moderate,9.211095135
Copper Alloy,Paint Coating,Sulfate,5,95,75,2920,Static,High,9.143656802
Copper Alloy,Zinc Coating,Sulfate,10,35,95,923,Dynamic,Moderate,9.124207535
Copper Alloy,Polymer Coating,Nitrate,11,95,35,2006,Dynamic,High,9.121084854
Aluminum Alloy,Zinc Coating,Nitrate,2,15,50,3034,Dynamic,High,9.110007501
Aluminum Alloy,Chromium Coating,Mixed,6,60,100,3139,Dynamic,Low,9.106920788
Carbon Steel,Paint Coating,Nitrate,7,-10,55,389,Static,High,9.106262253
Aluminum Alloy,Chromium Coating,Nitrate,12,30,35,226,Dynamic,High,8.984232353
Aluminum Alloy,Chromium Coating,Carbonate,8,55,80,2738,Dynamic,High,8.905932973
Aluminum Alloy,Anodized Coating,Chloride,4,70,40,2800,Static,High,8.892124164
Nickel-Based Alloy,Nickel Coating,Sulfate,12,95,70,708,Dynamic,Moderate,8.887272356
Copper Alloy,Polymer Coating,Carbonate,3,10,85,3546,Static,High,8.827441345
Stainless Steel,Polymer Coating,Chloride,11,100,55,2097,Dynamic,Low,8.794319888
Stainless Steel,Anodized Coating,Chloride,12,-5,75,1695,Static,High,8.777547054
Aluminum Alloy,Anodized Coating,Chloride,7,10,90,2663,Static,Moderate,8.724852801
Stainless Steel,Chromium Coating,Sulfate,11,25,85,2936,Dynamic,Low,8.723008977
Copper Alloy,Nickel Coating,Mixed,9,75,90,1905,Dynamic,Moderate,8.69882741
Carbon Steel,Phosphate Conversion,Carbonate,3,20,40,1143,Static,Low,8.684537467
Nickel-Based Alloy,Zinc Coating,Chloride,3,25,90,2106,Dynamic,Low,8.673303842
Stainless Steel,Nickel Coating,Sulfate,2,70,85,251,Dynamic,Low,8.63178839
Carbon Steel,Phosphate Conversion,Mixed,7,-20,80,1153,Dynamic,Low,8.611345508
Aluminum Alloy,Phosphate Conversion,Mixed,10,65,80,1156,Dynamic,High,8.598978452
Stainless Steel,Chromium Coating,Chloride,8,95,65,2449,Static,High,8.487166787
Stainless Steel,Phosphate Conversion,Nitrate,8,85,85,2252,Dynamic,High,8.459993938
Copper Alloy,Zinc Coating,Chloride,7,25,80,3181,Dynamic,Low,8.457262753
Aluminum Alloy,Chromium Coating,Chloride,2,75,25,758,Dynamic,Moderate,8.435399988
Copper Alloy,Anodized Coating,Chloride,7,65,40,3602,Dynamic,High,8.433281595
Stainless Steel,Zinc Coating,Chloride,2,55,45,1057,Static,High,8.410300254
Aluminum Alloy,Nickel Coating,Sulfate,8,95,50,2261,Dynamic,Low,8.377594904
Copper Alloy,Zinc Coating,Sulfate,2,100,30,1629,Static,High,8.33876146
Nickel-Based Alloy,Phosphate Conversion,Chloride,11,40,75,3129,Static,High,8.323901017
Aluminum Alloy,Nickel Coating,Carbonate,12,0,95,3455,Static,Moderate,8.312970312
Nickel-Based Alloy,Chromium Coating,Chloride,4,35,95,336,Dynamic,High,8.299565826
Stainless Steel,Anodized Coating,Chloride,2,15,100,2944,Static,Moderate,8.267119914
Copper Alloy,Phosphate Conversion,Nitrate,7,80,90,3358,Dynamic,Low,8.215044827
Carbon Steel,Polymer Coating,Sulfate,12,-5,25,275,Dynamic,Moderate,8.204776198
Copper Alloy,Phosphate Conversion,Chloride,5,75,95,1297,Static,Low,8.204423444
Aluminum Alloy,Zinc Coating,Mixed,5,90,80,2915,Static,High,8.140217922
Aluminum Alloy,Chromium Coating,Carbonate,9,50,90,3642,Dynamic,Moderate,8.12524244
Copper Alloy,Polymer Coating,Sulfate,6,100,50,544,Dynamic,High,8.121333224
Aluminum Alloy,Zinc Coating,Sulfate,10,45,70,2878,Static,High,8.09984035
Copper Alloy,Nickel Coating,Chloride,12,0,55,1633,Dynamic,Low,8.096401728
Aluminum Alloy,Chromium Coating,Nitrate,12,55,50,1126,Static,High,8.072987927
Carbon Steel,Anodized Coating,Mixed,8,-20,60,410,Static,High,8.067873556
Carbon Steel,Zinc Coating,Sulfate,9,-5,35,471,Dynamic,Moderate,8.042345513
Aluminum Alloy,Anodized Coating,Chloride,10,25,45,1706,Dynamic,High,8.036681804
Copper Alloy,Phosphate Conversion,Nitrate,12,65,60,1740,Static,Moderate,8.031856938
Copper Alloy,Polymer Coating,Chloride,10,-10,90,26,Dynamic,High,7.997740024
Aluminum Alloy,Paint Coating,Nitrate,6,45,80,2193,Dynamic,Low,7.986622374
Copper Alloy,Chromium Coating,Mixed,2,65,80,3073,Static,Low,7.935309264
Copper Alloy,Nickel Coating,Chloride,3,65,30,720,Dynamic,Low,7.921357912
Copper Alloy,Anodized Coating,Nitrate,4,50,80,1994,Dynamic,Moderate,7.793560983
Nickel-Based Alloy,Zinc Coating,Chloride,12,50,90,2401,Static,Moderate,7.747312975
Stainless Steel,Anodized Coating,Sulfate,12,10,85,816,Dynamic,Moderate,7.733127611
Stainless Steel,Polymer Coating,Carbonate,2,80,95,1833,Dynamic,Low,7.714992848
Carbon Steel,Chromium Coating,Mixed,11,100,20,2933,Static,Moderate,7.70445795
Stainless Steel,Chromium Coating,Nitrate,4,95,100,2774,Dynamic,Moderate,7.646094449
Stainless Steel,Anodized Coating,Chloride,8,85,75,2788,Static,Moderate,7.632718611
Copper Alloy,Chromium Coating,Carbonate,6,60,90,2074,Static,High,7.628354657
Stainless Steel,Zinc Coating,Carbonate,3,45,90,1868,Dynamic,High,7.615285164
Carbon Steel,Polymer Coating,Carbonate,7,65,20,1987,Dynamic,High,7.559707345
Carbon Steel,Zinc Coating,Nitrate,8,90,40,2305,Static,Low,7.555560088
Copper Alloy,Nickel Coating,Nitrate,11,85,35,1486,Static,High,7.516480904
Copper Alloy,Anodized Coating,Chloride,2,15,45,3537,Dynamic,Moderate,7.483578914
Stainless Steel,Zinc Coating,Sulfate,11,80,75,672,Static,Low,7.47320715
Copper Alloy,Polymer Coating,Mixed,8,80,65,528,Dynamic,High,7.43433901
Aluminum Alloy,Anodized Coating,Chloride,3,0,25,3259,Dynamic,High,7.409517197
Copper Alloy,Anodized Coating,Sulfate,9,95,60,3184,Static,Moderate,7.397119909
Carbon Steel,Anodized Coating,Nitrate,10,95,20,3003,Dynamic,High,7.362657326
Copper Alloy,Chromium Coating,Chloride,4,45,40,3618,Dynamic,High,7.311273031
Aluminum Alloy,Anodized Coating,Sulfate,5,15,100,1753,Static,Low,7.306658406
Carbon Steel,Polymer Coating,Carbonate,9,100,45,1474,Static,Low,7.265127265
Stainless Steel,Nickel Coating,Chloride,10,25,85,2904,Static,High,7.258191025
Copper Alloy,Phosphate Conversion,Sulfate,12,-20,70,1333,Dynamic,High,7.235105585
Stainless Steel,Polymer Coating,Sulfate,12,25,80,477,Static,Moderate,7.229186426
Stainless Steel,Polymer Coating,Nitrate,12,20,75,2883,Dynamic,Moderate,7.177873262
Copper Alloy,Zinc Coating,Sulfate,11,100,20,1728,Dynamic,High,7.14271176
Carbon Steel,Zinc Coating,Nitrate,6,25,35,1549,Dynamic,Moderate,7.138020739
Carbon Steel,Chromium Coating,Chloride,5,35,20,2039,Static,High,7.120938557
Aluminum Alloy,Phosphate Conversion,Nitrate,12,-20,95,2078,Static,Low,7.096237204
Nickel-Based Alloy,Anodized Coating,Carbonate,3,60,100,222,Static,High,7.091915759
Stainless Steel,Zinc Coating,Chloride,4,80,75,1852,Static,High,7.081063247
Aluminum Alloy,Phosphate Conversion,Carbonate,2,50,40,3630,Dynamic,Moderate,7.074912322
Stainless Steel,Chromium Coating,Sulfate,12,40,50,2941,Dynamic,Moderate,7.074529591
Nickel-Based Alloy,Anodized Coating,Chloride,4,95,60,1107,Dynamic,High,7.073519146
Aluminum Alloy,Anodized Coating,Carbonate,10,60,80,1249,Dynamic,Low,6.990221867
Aluminum Alloy,Paint Coating,Nitrate,4,70,70,3328,Static,High,6.887316922
Copper Alloy,Zinc Coating,Sulfate,10,15,90,340,Static,High,6.885530569
Copper Alloy,Phosphate Conversion,Sulfate,2,-10,75,2728,Static,Moderate,6.875924158
Carbon Steel,Polymer Coating,Carbonate,5,-15,35,2863,Dynamic,High,6.859264998
Aluminum Alloy,Phosphate Conversion,Carbonate,5,55,100,3557,Static,Moderate,6.823849405
Nickel-Based Alloy,Phosphate Conversion,Sulfate,2,50,85,2704,Static,High,6.815931453
Carbon Steel,Paint Coating,Sulfate,9,40,30,1601,Dynamic,Low,6.705844155
Stainless Steel,Zinc Coating,Carbonate,2,75,85,3458,Static,High,6.682702047
Copper Alloy,Chromium Coating,Carbonate,12,20,80,1263,Dynamic,Low,6.657349055
Carbon Steel,Polymer Coating,Carbonate,9,-5,65,888,Dynamic,Low,6.635000049
Aluminum Alloy,Phosphate Conversion,Nitrate,11,85,30,1587,Static,Moderate,6.60997311
Nickel-Based Alloy,Polymer Coating,Chloride,2,30,60,632,Dynamic,Moderate,6.609150623
Aluminum Alloy,Chromium Coating,Nitrate,4,5,80,1388,Dynamic,Moderate,6.567409621
Aluminum Alloy,Nickel Coating,Sulfate,8,35,60,762,Static,Moderate,6.552797998
Carbon Steel,Anodized Coating,Carbonate,7,30,45,3396,Static,Moderate,6.538955365
Copper Alloy,Zinc Coating,Carbonate,8,50,90,3119,Dynamic,Moderate,6.538050476
Aluminum Alloy,Nickel Coating,Chloride,10,90,35,2207,Static,Moderate,6.526783878
Copper Alloy,Zinc Coating,Nitrate,3,15,60,994,Dynamic,Low,6.486867444
Copper Alloy,Polymer Coating,Mixed,8,70,85,2240,Dynamic,Moderate,6.460058476
Aluminum Alloy,Zinc Coating,Nitrate,12,0,70,2099,Static,Moderate,6.453261665
Carbon Steel,Polymer Coating,Mixed,8,0,40,1862,Static,High,6.449424409
Aluminum Alloy,Polymer Coating,Mixed,5,20,95,1800,Dynamic,Moderate,6.44433129
Aluminum Alloy,Phosphate Conversion,Carbonate,4,50,85,3465,Static,Moderate,6.421178735
Copper Alloy,Zinc Coating,Nitrate,10,90,65,3438,Dynamic,Moderate,6.418403277
Aluminum Alloy,Phosphate Conversion,Carbonate,3,-15,75,1753,Dynamic,Moderate,6.393165573
Aluminum Alloy,Zinc Coating,Nitrate,11,55,30,904,Dynamic,Moderate,6.388880967
Aluminum Alloy,Phosphate Conversion,Sulfate,8,40,60,2257,Static,High,6.384766979
Carbon Steel,Chromium Coating,Sulfate,12,-5,25,2565,Static,Low,6.369428659
Carbon Steel,Paint Coating,Nitrate,2,50,15,2559,Static,Moderate,6.271223398
Nickel-Based Alloy,Anodized Coating,Sulfate,8,90,90,1332,Dynamic,High,6.225818122
Copper Alloy,Chromium Coating,Carbonate,3,80,60,2840,Static,Low,6.216524011
Stainless Steel,Nickel Coating,Nitrate,11,-15,95,1644,Dynamic,Moderate,6.181000685
Carbon Steel,Polymer Coating,Carbonate,9,85,30,3594,Static,Low,6.144274566
Nickel-Based Alloy,Zinc Coating,Sulfate,3,25,80,408,Dynamic,Low,6.141280901
Nickel-Based Alloy,Nickel Coating,Chloride,7,95,60,3429,Dynamic,High,6.129704303
Copper Alloy,Chromium Coating,Carbonate,2,-15,75,807,Static,High,6.116476422
Carbon Steel,Zinc Coating,Chloride,10,-5,25,3260,Static,Moderate,6.10852086
Aluminum Alloy,Paint Coating,Sulfate,4,35,75,1579,Static,Low,6.084729201
Copper Alloy,Phosphate Conversion,Mixed,12,85,50,2326,Static,Moderate,6.054652298
Carbon Steel,Anodized Coating,Nitrate,10,10,25,1531,Dynamic,Moderate,6.038446147
Stainless Steel,Paint Coating,Nitrate,3,-20,95,3252,Dynamic,High,6.023997058
Aluminum Alloy,Polymer Coating,Mixed,5,95,70,1117,Static,Moderate,5.99425856
Aluminum Alloy,Chromium Coating,Mixed,4,5,100,1755,Static,High,5.993530578
Copper Alloy,Zinc Coating,Chloride,2,50,25,1260,Dynamic,Low,5.992400724
Aluminum Alloy,Anodized Coating,Mixed,6,40,65,2511,Static,High,5.969494289
Nickel-Based Alloy,Chromium Coating,Chloride,8,30,100,3259,Dynamic,Moderate,5.928482778
Stainless Steel,Zinc Coating,Chloride,6,50,75,1610,Dynamic,Moderate,5.92836692
Copper Alloy,Paint Coating,Sulfate,4,90,50,3072,Dynamic,Low,5.922217716
Stainless Steel,Nickel Coating,Carbonate,12,-5,85,941,Dynamic,High,5.920072765
Stainless Steel,Polymer Coating,Sulfate,8,85,85,2317,Dynamic,Moderate,5.904705775
Aluminum Alloy,Chromium Coating,Chloride,12,10,25,1915,Static,High,5.90105252
Aluminum Alloy,Nickel Coating,Chloride,11,65,20,652,Dynamic,Low,5.879773697
Stainless Steel,Polymer Coating,Mixed,11,65,45,59,Dynamic,High,5.827811553
Copper Alloy,Nickel Coating,Mixed,10,40,70,2589,Dynamic,High,5.827233316
Aluminum Alloy,Paint Coating,Nitrate,6,95,40,1065,Dynamic,Low,5.767511369
Stainless Steel,Paint Coating,Sulfate,8,100,45,2432,Dynamic,High,5.725667651
Stainless Steel,Phosphate Conversion,Sulfate,11,-5,95,3016,Static,Moderate,5.705308482
Aluminum Alloy,Zinc Coating,Mixed,5,-10,95,2314,Dynamic,High,5.702197523
Stainless Steel,Polymer Coating,Nitrate,11,85,55,2747,Static,High,5.68996852
Nickel-Based Alloy,Phosphate Conversion,Sulfate,4,75,70,1487,Dynamic,High,5.674021074
Aluminum Alloy,Nickel Coating,Carbonate,7,45,75,2525,Dynamic,Moderate,5.622281808
Nickel-Based Alloy,Chromium Coating,Chloride,6,95,80,2761,Static,High,5.619675635
Copper Alloy,Nickel Coating,Nitrate,12,25,65,3024,Dynamic,Low,5.603461034
Carbon Steel,Phosphate Conversion,Carbonate,6,55,40,330,Static,Low,5.597396217
Copper Alloy,Anodized Coating,Sulfate,4,15,80,2718,Static,High,5.591732716
Stainless Steel,Anodized Coating,Nitrate,8,85,90,2185,Dynamic,Moderate,5.576448042
Copper Alloy,Polymer Coating,Carbonate,6,65,85,1447,Static,High,5.576260739
Stainless Steel,Chromium Coating,Chloride,7,10,60,2199,Dynamic,High,5.519003977
Copper Alloy,Phosphate Conversion,Chloride,8,70,65,1231,Static,Low,5.506145787
Copper Alloy,Polymer Coating,Sulfate,7,5,95,822,Dynamic,Low,5.441651753
Aluminum Alloy,Zinc Coating,Carbonate,8,80,65,1819,Static,Low,5.371791238
Aluminum Alloy,Anodized Coating,Chloride,2,-10,30,210,Dynamic,Low,5.369412223
Nickel-Based Alloy,Paint Coating,Nitrate,10,70,95,3580,Dynamic,Moderate,5.367214047
Stainless Steel,Chromium Coating,Sulfate,11,-15,85,2965,Dynamic,Low,5.251515874
Copper Alloy,Zinc Coating,Mixed,6,50,100,3637,Static,Moderate,5.212297321
Nickel-Based Alloy,Polymer Coating,Nitrate,2,35,75,97,Dynamic,High,5.204427398
Stainless Steel,Nickel Coating,Mixed,4,45,95,2551,Dynamic,Moderate,5.145229218
Stainless Steel,Chromium Coating,Nitrate,4,50,95,820,Dynamic,Moderate,5.134874436
Copper Alloy,Polymer Coating,Mixed,8,85,60,2403,Dynamic,Moderate,5.112205586
Copper Alloy,Paint Coating,Nitrate,2,-20,85,1893,Dynamic,Low,5.107815766
Carbon Steel,Zinc Coating,Nitrate,10,55,20,1939,Dynamic,Low,5.107391934
Nickel-Based Alloy,Paint Coating,Sulfate,6,50,95,1830,Static,High,5.096729811
Aluminum Alloy,Nickel Coating,Carbonate,12,100,35,1555,Static,Moderate,5.088799955
Nickel-Based Alloy,Anodized Coating,Chloride,3,10,55,3626,Dynamic,Moderate,5.046287233
Nickel-Based Alloy,Paint Coating,Chloride,8,90,60,401,Dynamic,Low,5.034040927
Stainless Steel,Paint Coating,Carbonate,2,100,65,1273,Static,Low,5.018924977
Stainless Steel,Zinc Coating,Sulfate,5,100,85,1619,Static,Low,4.974556255
Copper Alloy,Zinc Coating,Nitrate,5,100,55,766,Dynamic,Moderate,4.968723244
Aluminum Alloy,Phosphate Conversion,Mixed,5,45,80,2468,Static,Moderate,4.904150617
Nickel-Based Alloy,Phosphate Conversion,Nitrate,5,75,100,2982,Dynamic,Low,4.865770939
Nickel-Based Alloy,Chromium Coating,Nitrate,2,60,80,3466,Dynamic,Low,4.826969283
Stainless Steel,Phosphate Conversion,Mixed,12,30,60,1912,Static,High,4.760581934
Copper Alloy,Paint Coating,Carbonate,8,10,95,1073,Dynamic,Low,4.737191192
Aluminum Alloy,Polymer Coating,Carbonate,5,25,85,228,Static,Moderate,4.722010497
Aluminum Alloy,Paint Coating,Mixed,7,0,65,1401,Dynamic,High,4.707852422
Copper Alloy,Nickel Coating,Sulfate,8,15,100,843,Static,Low,4.682769782
Aluminum Alloy,Paint Coating,Sulfate,10,10,70,2745,Static,Low,4.681235072
Stainless Steel,Chromium Coating,Mixed,3,75,75,1589,Static,Low,4.677061853
Aluminum Alloy,Chromium Coating,Carbonate,11,45,25,3163,Dynamic,Moderate,4.634435341
Aluminum Alloy,Chromium Coating,Carbonate,3,-15,75,3606,Static,Low,4.604880335
Nickel-Based Alloy,Chromium Coating,Nitrate,12,10,100,1250,Dynamic,Moderate,4.596810215
Copper Alloy,Nickel Coating,Mixed,8,60,90,2508,Dynamic,Low,4.59347962
Aluminum Alloy,Phosphate Conversion,Mixed,11,-10,45,1997,Static,High,4.577272635
Stainless Steel,Phosphate Conversion,Sulfate,2,40,45,1250,Dynamic,Moderate,4.574439169
Aluminum Alloy,Chromium Coating,Carbonate,7,-20,85,878,Dynamic,High,4.573838601
Stainless Steel,Anodized Coating,Chloride,6,10,95,2938,Static,Moderate,4.567936243
Carbon Steel,Chromium Coating,Carbonate,2,55,15,485,Dynamic,Low,4.562566287
Copper Alloy,Zinc Coating,Nitrate,7,30,90,1042,Static,Low,4.559242062
Carbon Steel,Chromium Coating,Mixed,10,-5,40,2892,Static,Moderate,4.543692345
Stainless Steel,Nickel Coating,Sulfate,10,70,70,150,Dynamic,Low,4.512508589
Nickel-Based Alloy,Polymer Coating,Chloride,8,55,75,3623,Dynamic,Low,4.502181865
Nickel-Based Alloy,Zinc Coating,Nitrate,12,20,65,3245,Static,High,4.488175046
Nickel-Based Alloy,Phosphate Conversion,Carbonate,2,60,60,35,Dynamic,High,4.48403755
Nickel-Based Alloy,Zinc Coating,Nitrate,12,25,70,1881,Static,High,4.480928958
Nickel-Based Alloy,Polymer Coating,Carbonate,12,-10,85,3284,Dynamic,High,4.476819423
Nickel-Based Alloy,Phosphate Conversion,Carbonate,3,80,85,1536,Static,Moderate,4.472943574
Stainless Steel,Nickel Coating,Chloride,9,5,100,3380,Dynamic,Low,4.471373264
Aluminum Alloy,Polymer Coating,Mixed,7,35,50,3446,Dynamic,Moderate,4.470052312
Aluminum Alloy,Paint Coating,Mixed,2,65,30,2747,Dynamic,Moderate,4.468260988
Stainless Steel,Chromium Coating,Mixed,3,40,60,3011,Dynamic,Moderate,4.459881759
Nickel-Based Alloy,Chromium Coating,Mixed,11,85,75,2320,Static,Low,4.455764343
Aluminum Alloy,Phosphate Conversion,Mixed,9,-10,85,3246,Dynamic,Moderate,4.453587493
Copper Alloy,Polymer Coating,Sulfate,7,25,50,1342,Dynamic,High,4.439623689
Carbon Steel,Nickel Coating,Carbonate,11,-10,20,551,Dynamic,Low,4.434048204
Stainless Steel,Polymer Coating,Sulfate,2,-10,80,1737,Dynamic,Low,4.416578193
Copper Alloy,Paint Coating,Mixed,12,10,65,1921,Static,Moderate,4.377078762
Copper Alloy,Chromium Coating,Mixed,2,-10,75,2014,Dynamic,Low,4.352756018
Copper Alloy,Phosphate Conversion,Carbonate,6,95,70,434,Static,Low,4.352025127
Stainless Steel,Nickel Coating,Chloride,3,45,25,928,Dynamic,High,4.339707022
Nickel-Based Alloy,Nickel Coating,Carbonate,12,75,80,1182,Static,Low,4.335470621
Copper Alloy,Polymer Coating,Nitrate,7,45,80,1497,Static,Moderate,4.31315736
Copper Alloy,Paint Coating,Mixed,4,40,80,1888,Dynamic,Moderate,4.311025314
Copper Alloy,Zinc Coating,Mixed,4,-10,95,3417,Static,High,4.292436553
Copper Alloy,Anodized Coating,Carbonate,3,65,30,2063,Dynamic,Moderate,4.287860108
Stainless Steel,Anodized Coating,Nitrate,2,15,65,2667,Dynamic,Low,4.272958721
Copper Alloy,Polymer Coating,Sulfate,9,55,30,1943,Dynamic,High,4.25827338
Copper Alloy,Polymer Coating,Sulfate,8,20,40,937,Dynamic,High,4.257781902
Copper Alloy,Polymer Coating,Sulfate,5,55,55,929,Dynamic,Low,4.250127771
Carbon Steel,Phosphate Conversion,Carbonate,9,-20,40,822,Static,High,4.231613874
Aluminum Alloy,Zinc Coating,Sulfate,10,40,40,1927,Dynamic,Moderate,4.224003977
Titanium-Based Alloy,Paint Coating,Chloride,12,45,80,3165,Dynamic,High,4.217365513
Copper Alloy,Chromium Coating,Carbonate,8,45,80,1547,Static,Moderate,4.207886271
Stainless Steel,Nickel Coating,Carbonate,2,10,80,3076,Dynamic,Low,4.20662396
Copper Alloy,Phosphate Conversion,Sulfate,6,-20,60,1519,Dynamic,High,4.186379158
Aluminum Alloy,Zinc Coating,Chloride,7,40,20,3585,Dynamic,Moderate,4.145139332
Stainless Steel,Paint Coating,Nitrate,10,25,90,1179,Static,High,4.139423902
Copper Alloy,Anodized Coating,Chloride,7,-10,50,3573,Dynamic,Moderate,4.129589332
Copper Alloy,Polymer Coating,Mixed,8,90,40,484,Dynamic,High,4.08782653
Copper Alloy,Zinc Coating,Sulfate,3,-15,40,3299,Dynamic,Low,4.070628136
Stainless Steel,Polymer Coating,Chloride,6,10,60,813,Static,High,4.063698172
Copper Alloy,Phosphate Conversion,Chloride,7,40,45,2209,Dynamic,Low,4.030669344
Stainless Steel,Phosphate Conversion,Chloride,7,35,65,293,Static,Low,4.017966969
Stainless Steel,Anodized Coating,Mixed,3,35,85,3288,Static,Moderate,4.016875175
Copper Alloy,Anodized Coating,Mixed,10,95,70,712,Static,Low,4.003636635
Copper Alloy,Polymer Coating,Nitrate,4,-10,70,442,Dynamic,High,4.002541092
Carbon Steel,Anodized Coating,Nitrate,10,-5,20,3057,Static,High,3.963643598
Aluminum Alloy,Polymer Coating,Carbonate,4,-5,65,1463,Dynamic,High,3.961186849
Stainless Steel,Nickel Coating,Mixed,7,15,80,1151,Dynamic,High,3.95751909
Nickel-Based Alloy,Phosphate Conversion,Chloride,7,-5,65,1609,Dynamic,High,3.953448431
Carbon Steel,Polymer Coating,Sulfate,8,65,10,2277,Dynamic,High,3.946742546
Copper Alloy,Nickel Coating,Mixed,9,25,70,1481,Dynamic,Low,3.922022268
Carbon Steel,Nickel Coating,Mixed,12,-15,30,482,Static,Low,3.898557595
Copper Alloy,Zinc Coating,Nitrate,10,15,85,3350,Static,Low,3.857393507
Aluminum Alloy,Anodized Coating,Mixed,3,-15,40,423,Static,High,3.850601002
Nickel-Based Alloy,Zinc Coating,Chloride,7,30,50,52,Dynamic,High,3.835818232
Aluminum Alloy,Zinc Coating,Mixed,9,-5,80,1969,Dynamic,Moderate,3.795248016
Aluminum Alloy,Paint Coating,Mixed,8,-10,100,1212,Dynamic,Low,3.794118476
Stainless Steel,Chromium Coating,Carbonate,10,5,80,3430,Dynamic,High,3.793483269
Aluminum Alloy,Phosphate Conversion,Mixed,7,90,40,1083,Dynamic,Low,3.764395514
Nickel-Based Alloy,Nickel Coating,Carbonate,12,50,70,720,Dynamic,Low,3.743720072
Aluminum Alloy,Nickel Coating,Nitrate,9,20,30,2464,Dynamic,High,3.738331091
Aluminum Alloy,Paint Coating,Sulfate,9,15,45,521,Static,Moderate,3.72638817
Stainless Steel,Nickel Coating,Nitrate,2,60,45,2105,Dynamic,Low,3.721402462
Nickel-Based Alloy,Nickel Coating,Carbonate,7,60,100,359,Static,High,3.708971354
Nickel-Based Alloy,Phosphate Conversion,Nitrate,4,100,80,1226,Dynamic,Low,3.684665163
Copper Alloy,Chromium Coating,Nitrate,10,50,60,2413,Static,Moderate,3.680890024
Copper Alloy,Zinc Coating,Chloride,3,40,20,2810,Static,Moderate,3.676045237
Stainless Steel,Polymer Coating,Mixed,4,90,65,573,Static,High,3.665306467
Nickel-Based Alloy,Nickel Coating,Chloride,6,45,65,3371,Dynamic,Moderate,3.663794105
Carbon Steel,Nickel Coating,Carbonate,4,-20,25,3361,Dynamic,Moderate,3.661195009
Nickel-Based Alloy,Nickel Coating,Nitrate,4,40,90,3145,Dynamic,High,3.657927745
Stainless Steel,Zinc Coating,Sulfate,9,40,65,2209,Static,Moderate,3.649160028
Nickel-Based Alloy,Paint Coating,Sulfate,3,25,65,213,Dynamic,Low,3.64216957
Aluminum Alloy,Nickel Coating,Carbonate,5,40,65,312,Static,Low,3.630623757
Titanium-Based Alloy,Nickel Coating,Sulfate,12,100,95,1535,Static,High,3.586440401
Nickel-Based Alloy,Chromium Coating,Carbonate,9,100,95,1641,Dynamic,Moderate,3.583233045
Aluminum Alloy,Paint Coating,Carbonate,12,35,20,2011,Dynamic,Moderate,3.580490592
Nickel-Based Alloy,Anodized Coating,Carbonate,7,80,85,791,Static,High,3.574503799
Stainless Steel,Nickel Coating,Nitrate,4,45,45,2348,Dynamic,High,3.567531529
Titanium-Based Alloy,Nickel Coating,Sulfate,11,90,75,1494,Dynamic,Moderate,3.563949715
Nickel-Based Alloy,Paint Coating,Chloride,5,35,80,3032,Static,Low,3.541219775
Copper Alloy,Paint Coating,Mixed,11,-5,50,2472,Dynamic,Low,3.525077431
Aluminum Alloy,Polymer Coating,Nitrate,7,65,35,2673,Static,Moderate,3.522305921
Aluminum Alloy,Phosphate Conversion,Carbonate,5,95,55,1837,Static,Low,3.510073081
Carbon Steel,Paint Coating,Mixed,8,25,20,1348,Static,Moderate,3.490813161
Copper Alloy,Phosphate Conversion,Chloride,8,50,30,1429,Static,High,3.488606236
Stainless Steel,Zinc Coating,Sulfate,4,-15,95,3061,Static,High,3.484429496
Stainless Steel,Phosphate Conversion,Chloride,7,5,65,689,Static,High,3.46689387
Nickel-Based Alloy,Paint Coating,Mixed,12,65,95,648,Static,Low,3.464184268
Copper Alloy,Zinc Coating,Chloride,6,10,45,868,Static,Low,3.460807617
Nickel-Based Alloy,Zinc Coating,Mixed,6,70,90,2682,Dynamic,Low,3.451994673
Aluminum Alloy,Phosphate Conversion,Mixed,11,-20,70,1417,Static,Low,3.447973709
Stainless Steel,Anodized Coating,Chloride,10,-15,70,2186,Dynamic,Moderate,3.412877654
Copper Alloy,Anodized Coating,Carbonate,10,15,70,1742,Dynamic,Low,3.40955976
Aluminum Alloy,Nickel Coating,Carbonate,11,40,30,2916,Dynamic,Low,3.401507226
Stainless Steel,Anodized Coating,Chloride,12,65,30,1500,Static,Low,3.38345068
Aluminum Alloy,Chromium Coating,Mixed,12,30,30,1868,Dynamic,Low,3.371475224
Copper Alloy,Nickel Coating,Sulfate,9,50,40,844,Dynamic,Low,3.349104895
Aluminum Alloy,Zinc Coating,Mixed,3,25,35,1413,Dynamic,Low,3.343869048
Nickel-Based Alloy,Chromium Coating,Carbonate,8,95,50,457,Dynamic,High,3.319684148
Copper Alloy,Paint Coating,Mixed,9,-5,75,3245,Dynamic,Moderate,3.30997017
Copper Alloy,Phosphate Conversion,Carbonate,8,60,60,3160,Static,Moderate,3.303695458
Nickel-Based Alloy,Chromium Coating,Chloride,5,95,40,561,Static,Moderate,3.301905636
Stainless Steel,Phosphate Conversion,Carbonate,8,70,70,972,Dynamic,Low,3.299468133
Aluminum Alloy,Polymer Coating,Mixed,9,-10,60,2057,Dynamic,Moderate,3.299113502
Stainless Steel,Paint Coating,Sulfate,3,95,20,2379,Dynamic,High,3.290501772
Aluminum Alloy,Paint Coating,Nitrate,10,80,30,2782,Static,Moderate,3.267634248
Nickel-Based Alloy,Zinc Coating,Sulfate,6,10,95,326,Static,High,3.264752398
Copper Alloy,Phosphate Conversion,Nitrate,3,-5,40,2897,Dynamic,Low,3.262516281
Copper Alloy,Phosphate Conversion,Carbonate,11,90,15,1794,Dynamic,High,3.253068471
Aluminum Alloy,Chromium Coating,Carbonate,6,65,60,2773,Static,Low,3.249978255
Copper Alloy,Paint Coating,Chloride,12,5,20,2748,Static,Moderate,3.239412475
Aluminum Alloy,Zinc Coating,Nitrate,7,25,35,851,Dynamic,Low,3.214388916
Copper Alloy,Polymer Coating,Mixed,11,-20,80,1504,Static,Low,3.213378946
Copper Alloy,Phosphate Conversion,Nitrate,5,-10,65,3001,Dynamic,Low,3.211393127
Stainless Steel,Chromium Coating,Carbonate,10,35,95,1482,Dynamic,Low,3.178897066
Titanium-Based Alloy,Anodized Coating,Chloride,3,95,65,2922,Dynamic,Low,3.177054963
Aluminum Alloy,Nickel Coating,Sulfate,9,50,25,549,Dynamic,Moderate,3.159683458
Nickel-Based Alloy,Chromium Coating,Nitrate,11,0,70,398,Dynamic,Low,3.147555308
Copper Alloy,Zinc Coating,Chloride,2,40,15,1611,Dynamic,Low,3.145417152
Aluminum Alloy,Zinc Coating,Carbonate,3,-15,30,3117,Dynamic,Moderate,3.138187816
Aluminum Alloy,Paint Coating,Sulfate,11,75,20,1138,Static,Low,3.133013705
Nickel-Based Alloy,Nickel Coating,Chloride,12,85,35,3497,Static,Low,3.130506927
Stainless Steel,Nickel Coating,Carbonate,7,60,75,1558,Dynamic,Low,3.109259699
Stainless Steel,Phosphate Conversion,Sulfate,5,15,60,2135,Static,High,3.107339604
Stainless Steel,Polymer Coating,Chloride,7,-10,55,3643,Dynamic,Moderate,3.097355269
Aluminum Alloy,Zinc Coating,Mixed,9,65,45,3570,Static,Low,3.09425992
Stainless Steel,Anodized Coating,Mixed,10,70,45,3265,Dynamic,High,3.081145473
Nickel-Based Alloy,Paint Coating,Nitrate,2,45,45,413,Static,High,3.072386392
Stainless Steel,Chromium Coating,Mixed,2,-20,90,1683,Static,Moderate,3.05481054
Copper Alloy,Zinc Coating,Carbonate,10,5,55,3393,Dynamic,Moderate,3.051199757
Titanium-Based Alloy,Paint Coating,Chloride,12,35,75,2305,Dynamic,Moderate,3.050407551
Stainless Steel,Polymer Coating,Carbonate,9,25,95,3016,Static,Moderate,3.048460671
Copper Alloy,Chromium Coating,Carbonate,7,20,85,2653,Static,Low,3.030903066
Stainless Steel,Paint Coating,Carbonate,5,75,75,2851,Static,Low,3.025155079
Aluminum Alloy,Polymer Coating,Mixed,4,95,40,3029,Static,Moderate,3.022587491
Stainless Steel,Zinc Coating,Carbonate,4,25,65,368,Dynamic,Moderate,3.016500026
Stainless Steel,Phosphate Conversion,Nitrate,8,0,65,2679,Dynamic,High,3.010985148
Copper Alloy,Polymer Coating,Carbonate,8,20,100,1011,Static,Low,3.00641154
Copper Alloy,Paint Coating,Chloride,10,25,30,2001,Dynamic,Low,2.973662526
Carbon Steel,Zinc Coating,Mixed,2,0,10,2991,Dynamic,High,2.97246565
Stainless Steel,Anodized Coating,Chloride,7,30,70,1459,Static,Low,2.971976334
Aluminum Alloy,Phosphate Conversion,Mixed,2,-5,35,766,Static,Moderate,2.958085599
Aluminum Alloy,Nickel Coating,Mixed,7,45,40,2893,Static,High,2.957506053
Nickel-Based Alloy,Phosphate Conversion,Mixed,12,-20,75,82,Dynamic,Moderate,2.952231509
Aluminum Alloy,Nickel Coating,Carbonate,3,20,25,308,Static,Moderate,2.945967446
Aluminum Alloy,Paint Coating,Carbonate,8,55,55,2948,Static,Low,2.922637188
Nickel-Based Alloy,Chromium Coating,Nitrate,9,70,80,2779,Dynamic,Low,2.92040424
Titanium-Based Alloy,Paint Coating,Chloride,3,45,90,1652,Static,Moderate,2.902787903
Copper Alloy,Polymer Coating,Mixed,6,90,30,350,Dynamic,Moderate,2.887789687
Aluminum Alloy,Paint Coating,Sulfate,8,-10,40,2120,Dynamic,Moderate,2.885179251
Aluminum Alloy,Nickel Coating,Carbonate,4,20,65,276,Static,Low,2.88262877
Copper Alloy,Phosphate Conversion,Nitrate,10,65,40,1581,Static,Moderate,2.876772784
Titanium-Based Alloy,Polymer Coating,Nitrate,12,45,100,657,Dynamic,Moderate,2.876126304
Stainless Steel,Phosphate Conversion,Sulfate,4,70,45,3588,Static,Moderate,2.870349775
Stainless Steel,Anodized Coating,Nitrate,2,25,35,1641,Dynamic,Low,2.840838961
Stainless Steel,Anodized Coating,Carbonate,3,25,30,659,Dynamic,High,2.827756618
Copper Alloy,Chromium Coating,Nitrate,7,-20,80,630,Static,Moderate,2.817234476
Stainless Steel,Zinc Coating,Carbonate,6,95,70,2579,Static,Low,2.80005414
Stainless Steel,Zinc Coating,Nitrate,9,95,35,1474,Dynamic,High,2.798908946
Stainless Steel,Nickel Coating,Carbonate,8,85,50,2554,Dynamic,Moderate,2.765761163
Titanium-Based Alloy,Chromium Coating,Chloride,3,65,75,3178,Static,Moderate,2.765662472
Stainless Steel,Phosphate Conversion,Mixed,4,60,75,162,Static,Low,2.757857409
Aluminum Alloy,Chromium Coating,Carbonate,2,50,30,3158,Static,Low,2.756966147
Stainless Steel,Paint Coating,Carbonate,4,25,85,840,Dynamic,Moderate,2.754686828
Stainless Steel,Chromium Coating,Sulfate,6,-15,75,3269,Dynamic,Low,2.747810529
Copper Alloy,Zinc Coating,Nitrate,7,80,50,479,Static,Low,2.738640824
Copper Alloy,Nickel Coating,Mixed,10,-10,60,2664,Dynamic,Moderate,2.738342479
Stainless Steel,Polymer Coating,Carbonate,4,35,60,2039,Static,High,2.726544398
Nickel-Based Alloy,Nickel Coating,Chloride,4,-10,80,2823,Static,Moderate,2.707947841
Aluminum Alloy,Chromium Coating,Carbonate,11,100,15,3096,Static,High,2.703238681
Aluminum Alloy,Phosphate Conversion,Carbonate,3,-5,30,2935,Dynamic,Low,2.697051173
Copper Alloy,Zinc Coating,Carbonate,11,10,20,1227,Dynamic,High,2.695983465
Stainless Steel,Chromium Coating,Carbonate,12,35,35,983,Dynamic,High,2.686255953
Stainless Steel,Anodized Coating,Nitrate,8,40,65,486,Dynamic,Low,2.683636232
Nickel-Based Alloy,Zinc Coating,Chloride,4,75,40,2024,Dynamic,Low,2.669293275
Stainless Steel,Zinc Coating,Sulfate,11,20,30,1225,Static,Moderate,2.668714178
Nickel-Based Alloy,Chromium Coating,Carbonate,12,-20,70,632,Dynamic,Moderate,2.666901309
Nickel-Based Alloy,Phosphate Conversion,Nitrate,7,35,60,40,Dynamic,Moderate,2.644427938
Stainless Steel,Chromium Coating,Mixed,7,-10,70,950,Dynamic,High,2.640747587
Copper Alloy,Anodized Coating,Nitrate,12,15,25,711,Dynamic,Low,2.638084787
Copper Alloy,Chromium Coating,Sulfate,11,25,25,1643,Static,Moderate,2.62431418
Stainless Steel,Chromium Coating,Mixed,3,-20,55,392,Dynamic,High,2.618497094
Stainless Steel,Phosphate Conversion,Carbonate,3,30,30,2869,Dynamic,High,2.601982479
Copper Alloy,Anodized Coating,Mixed,9,45,35,3291,Static,High,2.595739348
Copper Alloy,Anodized Coating,Sulfate,9,70,20,2499,Static,High,2.593457722
Nickel-Based Alloy,Zinc Coating,Mixed,9,90,55,1640,Dynamic,High,2.590538837
Copper Alloy,Nickel Coating,Chloride,4,25,35,766,Static,Low,2.589723236
Aluminum Alloy,Phosphate Conversion,Carbonate,10,-15,50,1207,Dynamic,Moderate,2.581879839
Copper Alloy,Nickel Coating,Carbonate,8,75,45,1713,Static,Low,2.57092298
Stainless Steel,Anodized Coating,Carbonate,5,85,70,1848,Static,Low,2.563790948
Copper Alloy,Anodized Coating,Carbonate,4,30,80,1227,Static,Low,2.559988648
Carbon Steel,Anodized Coating,Sulfate,11,-5,10,1698,Static,Low,2.544320859
Nickel-Based Alloy,Phosphate Conversion,Sulfate,5,0,75,799,Static,High,2.542527663
Stainless Steel,Chromium Coating,Carbonate,7,55,70,1485,Static,Low,2.541044482
Copper Alloy,Chromium Coating,Nitrate,9,0,80,2297,Static,Low,2.538567356
Stainless Steel,Zinc Coating,Mixed,6,50,75,2641,Static,Moderate,2.496982894
Composite Material,Zinc Coating,Chloride,11,95,95,2107,Dynamic,Moderate,2.470398009
Copper Alloy,Phosphate Conversion,Nitrate,7,-10,45,1561,Dynamic,Moderate,2.44961949
Carbon Steel,Paint Coating,Carbonate,10,-5,30,3468,Static,Low,2.419528049
Nickel-Based Alloy,Anodized Coating,Nitrate,9,10,85,1480,Dynamic,Low,2.418964401
Copper Alloy,Polymer Coating,Sulfate,8,-15,50,2878,Static,High,2.418133221
Aluminum Alloy,Nickel Coating,Carbonate,8,5,35,2174,Dynamic,Moderate,2.416830998
Stainless Steel,Paint Coating,Nitrate,2,10,45,2458,Static,Moderate,2.412682975
Stainless Steel,Phosphate Conversion,Mixed,7,100,55,785,Static,Moderate,2.393366313
Stainless Steel,Zinc Coating,Sulfate,7,-20,45,1424,Dynamic,High,2.369622253
Stainless Steel,Phosphate Conversion,Nitrate,4,100,60,778,Static,Low,2.357522575
Stainless Steel,Polymer Coating,Carbonate,4,55,70,3279,Dynamic,Low,2.316334789
Nickel-Based Alloy,Anodized Coating,Carbonate,7,45,85,3050,Dynamic,Low,2.314834089
Nickel-Based Alloy,Anodized Coating,Mixed,10,95,70,1081,Static,Low,2.295855795
Nickel-Based Alloy,Chromium Coating,Sulfate,2,50,20,2759,Dynamic,High,2.287352165
Aluminum Alloy,Chromium Coating,Nitrate,8,-5,35,2606,Static,Moderate,2.271725828
Titanium-Based Alloy,Nickel Coating,Mixed,11,90,100,2215,Dynamic,Low,2.231636934
Aluminum Alloy,Anodized Coating,Carbonate,3,90,20,2146,Static,Low,2.225763724
Nickel-Based Alloy,Anodized Coating,Sulfate,11,55,20,1868,Static,High,2.213511076
Nickel-Based Alloy,Chromium Coating,Mixed,8,70,65,2655,Dynamic,Moderate,2.201653858
Stainless Steel,Paint Coating,Mixed,2,0,55,2108,Dynamic,Low,2.198260914
Stainless Steel,Polymer Coating,Nitrate,9,25,55,871,Dynamic,Low,2.197770388
Nickel-Based Alloy,Polymer Coating,Mixed,5,20,85,928,Static,High,2.187811836
Titanium-Based Alloy,Phosphate Conversion,Sulfate,11,45,65,1711,Dynamic,Moderate,2.185882745
Copper Alloy,Polymer Coating,Nitrate,12,90,15,1304,Static,Moderate,2.163782886
Nickel-Based Alloy,Paint Coating,Sulfate,7,70,35,2073,Static,High,2.146933514
Copper Alloy,Paint Coating,Mixed,12,45,25,2776,Static,Low,2.140985815
Aluminum Alloy,Chromium Coating,Chloride,3,-5,15,3608,Static,Low,2.120079961
Titanium-Based Alloy,Nickel Coating,Sulfate,8,65,100,3267,Dynamic,High,2.106730743
Titanium-Based Alloy,Chromium Coating,Sulfate,11,5,90,3649,Static,High,2.102475585
Nickel-Based Alloy,Phosphate Conversion,Nitrate,7,95,45,1459,Static,Moderate,2.093999785
Copper Alloy,Zinc Coating,Nitrate,6,-10,45,1790,Static,Moderate,2.092721204
Stainless Steel,Anodized Coating,Nitrate,10,95,25,1366,Dynamic,Moderate,2.08819946
Nickel-Based Alloy,Polymer Coating,Sulfate,3,95,15,2055,Static,High,2.08620638
Nickel-Based Alloy,Zinc Coating,Chloride,7,-15,75,2697,Static,Moderate,2.085837982
Titanium-Based Alloy,Nickel Coating,Nitrate,11,65,80,3273,Dynamic,Low,2.079952223
Aluminum Alloy,Chromium Coating,Chloride,6,55,15,1676,Dynamic,Low,2.078560657
Stainless Steel,Zinc Coating,Carbonate,6,-10,70,2704,Dynamic,High,2.076289036
Stainless Steel,Paint Coating,Mixed,6,75,30,619,Dynamic,High,2.070601845
Nickel-Based Alloy,Phosphate Conversion,Chloride,11,10,25,3078,Static,Moderate,2.068354814
Stainless Steel,Paint Coating,Nitrate,7,-5,85,2990,Static,Low,2.067752355
Nickel-Based Alloy,Nickel Coating,Mixed,12,25,30,2787,Dynamic,High,2.062935345
Nickel-Based Alloy,Phosphate Conversion,Mixed,3,75,40,953,Static,Low,2.053620146
Titanium-Based Alloy,Zinc Coating,Carbonate,11,90,100,3610,Static,Low,2.050584169
Nickel-Based Alloy,Polymer Coating,Chloride,4,55,40,1289,Static,Low,2.043577113
Copper Alloy,Chromium Coating,Carbonate,10,0,40,1055,Dynamic,Moderate,2.038590394
Nickel-Based Alloy,Polymer Coating,Carbonate,4,50,95,935,Static,Low,2.035766841
Nickel-Based Alloy,Polymer Coating,Chloride,10,85,40,2500,Static,Low,2.029467073
Nickel-Based Alloy,Paint Coating,Sulfate,5,75,35,239,Dynamic,Moderate,2.028373383
Aluminum Alloy,Anodized Coating,Mixed,6,65,20,2235,Dynamic,Low,2.022214133
Aluminum Alloy,Chromium Coating,Mixed,9,15,35,898,Dynamic,Moderate,2.021527634
Aluminum Alloy,Polymer Coating,Carbonate,5,45,20,706,Dynamic,Moderate,2.020149442
Nickel-Based Alloy,Paint Coating,Sulfate,10,5,45,2569,Dynamic,High,2.018269449
Stainless Steel,Chromium Coating,Nitrate,9,5,45,164,Static,High,2.01652373
Stainless Steel,Nickel Coating,Nitrate,4,-10,50,871,Dynamic,High,2.007852079
Nickel-Based Alloy,Polymer Coating,Mixed,2,10,70,3443,Static,Moderate,2.001265099
Copper Alloy,Zinc Coating,Carbonate,6,100,30,166,Static,Moderate,1.991318352
Stainless Steel,Anodized Coating,Mixed,6,100,45,3581,Static,Low,1.97063301
Copper Alloy,Nickel Coating,Carbonate,8,15,55,1631,Static,Moderate,1.968660098
Copper Alloy,Nickel Coating,Chloride,5,-10,25,631,Dynamic,Low,1.964803893
Nickel-Based Alloy,Phosphate Conversion,Carbonate,9,95,60,1106,Static,Low,1.959948131
Copper Alloy,Chromium Coating,Chloride,5,25,15,1133,Static,High,1.952896952
Stainless Steel,Anodized Coating,Mixed,10,10,100,511,Static,Low,1.952423825
Stainless Steel,Polymer Coating,Mixed,6,-15,60,2478,Dynamic,High,1.950902232
Copper Alloy,Polymer Coating,Mixed,6,70,30,2451,Static,Moderate,1.94867332
Nickel-Based Alloy,Paint Coating,Nitrate,11,-20,65,2112,Static,Moderate,1.947774731
Stainless Steel,Zinc Coating,Sulfate,9,5,45,2366,Static,Moderate,1.929776796
Titanium-Based Alloy,Paint Coating,Nitrate,11,95,80,3514,Static,Low,1.922389273
Nickel-Based Alloy,Zinc Coating,Sulfate,4,-10,60,2408,Dynamic,Moderate,1.915347778
Titanium-Based Alloy,Chromium Coating,Sulfate,5,75,70,811,Dynamic,High,1.912588705
Stainless Steel,Phosphate Conversion,Mixed,5,45,45,3499,Static,High,1.901568642
Stainless Steel,Anodized Coating,Nitrate,3,35,30,561,Dynamic,Low,1.898010443
Stainless Steel,Anodized Coating,Carbonate,5,70,30,910,Dynamic,Moderate,1.896084538
Titanium-Based Alloy,Polymer Coating,Nitrate,11,-10,95,1007,Dynamic,High,1.893617383
Nickel-Based Alloy,Polymer Coating,Mixed,5,75,55,3562,Dynamic,Moderate,1.891186909
Nickel-Based Alloy,Phosphate Conversion,Nitrate,9,5,75,1400,Dynamic,Moderate,1.886130069
Copper Alloy,Chromium Coating,Nitrate,7,55,25,1634,Static,Moderate,1.879669597
Titanium-Based Alloy,Chromium Coating,Chloride,10,20,95,1732,Dynamic,High,1.877436764
Nickel-Based Alloy,Anodized Coating,Nitrate,9,85,40,2684,Dynamic,Low,1.875003251
Copper Alloy,Phosphate Conversion,Carbonate,9,-15,65,2364,Dynamic,Low,1.872311913
Aluminum Alloy,Paint Coating,Nitrate,8,75,15,1007,Static,High,1.865391181
Nickel-Based Alloy,Anodized Coating,Sulfate,8,-15,70,2365,Static,Moderate,1.849387241
Titanium-Based Alloy,Paint Coating,Mixed,2,45,80,352,Static,High,1.839687576
Nickel-Based Alloy,Zinc Coating,Chloride,11,90,10,3484,Dynamic,High,1.831156271
Aluminum Alloy,Phosphate Conversion,Chloride,4,50,15,536,Static,Low,1.830211808
Aluminum Alloy,Polymer Coating,Carbonate,10,-10,35,45,Dynamic,Low,1.823369977
Stainless Steel,Anodized Coating,Nitrate,7,-5,45,138,Dynamic,Moderate,1.804591614
Stainless Steel,Chromium Coating,Mixed,4,-20,80,555,Static,Moderate,1.743028711
Copper Alloy,Anodized Coating,Carbonate,6,85,25,3122,Dynamic,Moderate,1.741439531
Aluminum Alloy,Nickel Coating,Nitrate,6,-20,30,171,Static,High,1.739659334
Titanium-Based Alloy,Polymer Coating,Chloride,11,-15,95,1082,Dynamic,Low,1.72341437
Nickel-Based Alloy,Chromium Coating,Nitrate,6,5,45,2473,Dynamic,High,1.72129818
Titanium-Based Alloy,Phosphate Conversion,Sulfate,10,70,85,892,Static,High,1.719831115
Aluminum Alloy,Chromium Coating,Mixed,5,80,20,1154,Static,Low,1.71846972
Stainless Steel,Anodized Coating,Mixed,4,45,30,2377,Dynamic,High,1.715164363
Stainless Steel,Phosphate Conversion,Nitrate,7,5,55,967,Dynamic,Low,1.713520061
Aluminum Alloy,Phosphate Conversion,Mixed,11,20,20,1361,Static,Moderate,1.707901759
Copper Alloy,Polymer Coating,Chloride,5,100,10,1690,Dynamic,Low,1.698506067
Titanium-Based Alloy,Nickel Coating,Sulfate,9,60,80,359,Dynamic,Moderate,1.696387269
Stainless Steel,Paint Coating,Nitrate,6,75,25,2132,Dynamic,High,1.68825847
Copper Alloy,Chromium Coating,Mixed,8,25,50,2351,Static,Low,1.68825037
Titanium-Based Alloy,Anodized Coating,Nitrate,8,55,80,1131,Dynamic,High,1.656442508
Stainless Steel,Anodized Coating,Nitrate,12,-5,25,1883,Dynamic,Moderate,1.648292431
Nickel-Based Alloy,Phosphate Conversion,Mixed,12,-20,50,597,Dynamic,Low,1.631374404
Copper Alloy,Chromium Coating,Carbonate,2,0,15,222,Dynamic,High,1.630428927
Stainless Steel,Nickel Coating,Nitrate,4,90,25,2354,Dynamic,Moderate,1.62910106
Titanium-Based Alloy,Paint Coating,Nitrate,12,70,85,17,Dynamic,Low,1.625930631
Carbon Steel,Chromium Coating,Carbonate,7,45,10,1594,Dynamic,Low,1.60769901
Nickel-Based Alloy,Chromium Coating,Nitrate,2,10,20,791,Dynamic,High,1.58947316
Copper Alloy,Polymer Coating,Mixed,9,20,25,1199,Dynamic,Moderate,1.588569257
Titanium-Based Alloy,Chromium Coating,Chloride,8,25,75,1190,Dynamic,Moderate,1.5736741
Nickel-Based Alloy,Anodized Coating,Mixed,10,70,70,3498,Static,Low,1.57240366
Copper Alloy,Phosphate Conversion,Carbonate,11,80,10,1774,Static,High,1.554784277
Copper Alloy,Nickel Coating,Mixed,4,20,25,1643,Dynamic,High,1.550679923
Nickel-Based Alloy,Paint Coating,Sulfate,4,85,30,129,Static,Moderate,1.546706936
Nickel-Based Alloy,Nickel Coating,Carbonate,12,10,35,3177,Dynamic,Low,1.545294456
Aluminum Alloy,Chromium Coating,Carbonate,8,100,20,152,Static,Low,1.542821645
Titanium-Based Alloy,Anodized Coating,Sulfate,6,60,85,120,Dynamic,Moderate,1.538563748
Nickel-Based Alloy,Nickel Coating,Carbonate,5,35,70,2904,Static,Moderate,1.528402053
Titanium-Based Alloy,Polymer Coating,Sulfate,12,35,85,3194,Static,Low,1.528341297
Nickel-Based Alloy,Zinc Coating,Mixed,2,5,25,2561,Dynamic,High,1.517507184
Copper Alloy,Phosphate Conversion,Nitrate,9,65,20,1228,Static,High,1.503628724
Stainless Steel,Nickel Coating,Mixed,4,25,35,2489,Static,High,1.492601837
Nickel-Based Alloy,Nickel Coating,Mixed,3,60,25,3549,Dynamic,Moderate,1.489257645
Stainless Steel,Chromium Coating,Nitrate,12,20,20,418,Static,Moderate,1.474748679
Titanium-Based Alloy,Phosphate Conversion,Chloride,3,50,30,1834,Dynamic,Moderate,1.4674247
Stainless Steel,Anodized Coating,Chloride,10,-20,35,3589,Dynamic,Low,1.466412204
Nickel-Based Alloy,Paint Coating,Carbonate,3,30,40,3609,Static,Moderate,1.455507951
Aluminum Alloy,Chromium Coating,Mixed,5,5,20,3434,Dynamic,Moderate,1.45453481
Composite Material,Polymer Coating,Chloride,11,75,95,1142,Static,Moderate,1.454311041
Nickel-Based Alloy,Zinc Coating,Carbonate,7,5,90,2015,Static,Low,1.452675894
Nickel-Based Alloy,Chromium Coating,Sulfate,6,15,25,1509,Dynamic,High,1.445454132
Titanium-Based Alloy,Anodized Coating,Nitrate,2,65,35,1447,Dynamic,High,1.440450228
Nickel-Based Alloy,Zinc Coating,Chloride,4,-5,35,1132,Static,High,1.43852712
Stainless Steel,Paint Coating,Carbonate,2,100,20,628,Static,Moderate,1.4154254
Aluminum Alloy,Nickel Coating,Chloride,8,-10,15,400,Dynamic,Low,1.38655395
Composite Material,Anodized Coating,Chloride,5,95,100,667,Dynamic,Moderate,1.380879115
Titanium-Based Alloy,Polymer Coating,Mixed,11,10,65,3285,Dynamic,High,1.380324125
Copper Alloy,Paint Coating,Carbonate,8,60,20,2793,Static,Moderate,1.379420434
Aluminum Alloy,Phosphate Conversion,Carbonate,5,55,15,2353,Static,High,1.362708827
Nickel-Based Alloy,Chromium Coating,Mixed,4,-5,90,2857,Dynamic,Low,1.356779368
Titanium-Based Alloy,Anodized Coating,Sulfate,4,60,95,717,Static,Moderate,1.353650285
Stainless Steel,Polymer Coating,Nitrate,7,0,55,2207,Static,Low,1.352809704
Titanium-Based Alloy,Anodized Coating,Chloride,9,65,60,152,Dynamic,Low,1.352315178
Stainless Steel,Zinc Coating,Chloride,9,-10,35,789,Static,Low,1.350038733
Nickel-Based Alloy,Zinc Coating,Sulfate,6,35,20,1175,Dynamic,High,1.32466864
Nickel-Based Alloy,Polymer Coating,Mixed,6,95,35,2655,Dynamic,Low,1.322245931
Aluminum Alloy,Nickel Coating,Nitrate,4,75,10,2362,Static,High,1.320796984
Titanium-Based Alloy,Chromium Coating,Carbonate,11,45,60,2089,Static,High,1.319389023
Copper Alloy,Phosphate Conversion,Mixed,10,5,25,1256,Dynamic,Moderate,1.313935463
Stainless Steel,Polymer Coating,Sulfate,3,90,10,3218,Dynamic,Low,1.310202433
Nickel-Based Alloy,Paint Coating,Carbonate,5,-20,65,2585,Static,High,1.305900553
Titanium-Based Alloy,Anodized Coating,Mixed,9,60,95,3324,Static,High,1.30198617
Nickel-Based Alloy,Polymer Coating,Carbonate,9,75,25,1415,Dynamic,High,1.299118129
Composite Material,Zinc Coating,Chloride,11,15,100,3021,Static,High,1.295567587
Stainless Steel,Anodized Coating,Sulfate,12,-20,20,266,Static,High,1.295190203
Nickel-Based Alloy,Zinc Coating,Sulfate,10,-10,45,2621,Static,Moderate,1.289076321
Nickel-Based Alloy,Phosphate Conversion,Sulfate,5,45,30,34,Dynamic,Moderate,1.278821608
Titanium-Based Alloy,Phosphate Conversion,Chloride,9,45,85,2692,Static,Low,1.273485614
Stainless Steel,Phosphate Conversion,Nitrate,7,85,25,3262,Static,Low,1.266395323
Titanium-Based Alloy,Nickel Coating,Sulfate,4,15,100,2436,Dynamic,Low,1.266191722
Nickel-Based Alloy,Nickel Coating,Chloride,7,75,15,1056,Static,High,1.26501992
Copper Alloy,Paint Coating,Nitrate,10,65,15,156,Dynamic,Low,1.262588268
Nickel-Based Alloy,Nickel Coating,Nitrate,2,70,20,1236,Dynamic,Low,1.252384408
Titanium-Based Alloy,Zinc Coating,Sulfate,7,70,80,1029,Dynamic,Low,1.249090909
Titanium-Based Alloy,Nickel Coating,Chloride,10,30,90,649,Static,Moderate,1.242891894
Stainless Steel,Phosphate Conversion,Mixed,3,-20,40,1901,Dynamic,Low,1.23941227
Nickel-Based Alloy,Nickel Coating,Nitrate,8,-5,50,3036,Dynamic,Low,1.238451939
Titanium-Based Alloy,Phosphate Conversion,Nitrate,2,35,65,199,Dynamic,Low,1.236936766
Composite Material,Nickel Coating,Chloride,7,85,85,956,Dynamic,High,1.236314388
Stainless Steel,Phosphate Conversion,Carbonate,7,35,30,1576,Static,High,1.226083294
Composite Material,Phosphate Conversion,Chloride,2,50,65,364,Static,High,1.218161161
Stainless Steel,Paint Coating,Carbonate,7,95,15,3118,Dynamic,High,1.217010573
Carbon Steel,Paint Coating,Mixed,5,20,10,322,Static,Moderate,1.215696597
Composite Material,Nickel Coating,Chloride,3,45,75,3132,Dynamic,Moderate,1.211986668
Titanium-Based Alloy,Chromium Coating,Sulfate,9,95,80,3108,Static,Low,1.183738518
Composite Material,Zinc Coating,Chloride,11,60,75,609,Dynamic,Moderate,1.1603831
Composite Material,Paint Coating,Sulfate,2,65,70,3523,Dynamic,High,1.151547608
Titanium-Based Alloy,Chromium Coating,Mixed,5,85,100,2577,Dynamic,Low,1.149694947
Nickel-Based Alloy,Nickel Coating,Mixed,7,5,70,1879,Static,Moderate,1.147466108
Nickel-Based Alloy,Paint Coating,Sulfate,10,95,15,893,Dynamic,High,1.144691762
Carbon Steel,Paint Coating,Mixed,10,-10,10,99,Static,Moderate,1.141786269
Titanium-Based Alloy,Paint Coating,Carbonate,3,65,60,761,Dynamic,Low,1.140558701
Stainless Steel,Zinc Coating,Sulfate,10,10,35,2774,Static,Low,1.13681489
Composite Material,Zinc Coating,Chloride,4,90,65,3105,Dynamic,High,1.12821169
Nickel-Based Alloy,Zinc Coating,Nitrate,7,80,30,1027,Dynamic,Low,1.127372744
Composite Material,Chromium Coating,Sulfate,2,100,70,71,Dynamic,Moderate,1.123411752
Stainless Steel,Zinc Coating,Chloride,7,40,15,1118,Static,High,1.120397106
Composite Material,Phosphate Conversion,Sulfate,9,80,90,1332,Dynamic,High,1.109689098
Titanium-Based Alloy,Chromium Coating,Nitrate,5,70,80,1686,Static,Moderate,1.105550083
Nickel-Based Alloy,Polymer Coating,Carbonate,11,0,25,778,Static,High,1.104998588
Nickel-Based Alloy,Anodized Coating,Mixed,10,25,35,1353,Dynamic,High,1.103165778
Nickel-Based Alloy,Zinc Coating,Carbonate,8,-20,55,598,Static,High,1.097207808
Composite Material,Anodized Coating,Nitrate,12,55,95,2841,Dynamic,Moderate,1.094350029
Titanium-Based Alloy,Paint Coating,Sulfate,7,100,55,3020,Dynamic,Moderate,1.092777486
Nickel-Based Alloy,Polymer Coating,Nitrate,6,-5,50,2500,Static,Moderate,1.089368427
Titanium-Based Alloy,Nickel Coating,Carbonate,3,30,65,1217,Dynamic,Low,1.088114278
Aluminum Alloy,Anodized Coating,Nitrate,8,5,15,1687,Static,Moderate,1.079422993
Nickel-Based Alloy,Polymer Coating,Chloride,2,65,10,2652,Dynamic,Low,1.07447851
Nickel-Based Alloy,Nickel Coating,Carbonate,9,5,60,297,Dynamic,Low,1.053465875
Stainless Steel,Polymer Coating,Sulfate,4,10,35,3128,Static,Low,1.052536515
Nickel-Based Alloy,Anodized Coating,Chloride,5,-15,25,1901,Dynamic,Moderate,1.052420425
Stainless Steel,Chromium Coating,Carbonate,12,-5,25,385,Static,High,1.051362004
Copper Alloy,Anodized Coating,Mixed,12,15,10,3550,Dynamic,High,1.049982775
Nickel-Based Alloy,Paint Coating,Mixed,7,35,60,275,Static,Low,1.049556107
Nickel-Based Alloy,Chromium Coating,Mixed,4,-20,40,2375,Dynamic,High,1.049464255
Stainless Steel,Anodized Coating,Sulfate,4,40,20,717,Static,High,1.046114149
Composite Material,Zinc Coating,Mixed,12,35,95,3425,Dynamic,High,1.037102699
Nickel-Based Alloy,Phosphate Conversion,Nitrate,4,30,40,3022,Dynamic,Low,1.035388804
Nickel-Based Alloy,Paint Coating,Mixed,10,20,40,620,Dynamic,Low,1.03075132
Nickel-Based Alloy,Polymer Coating,Mixed,6,-15,70,777,Static,Low,1.02932044
Composite Material,Anodized Coating,Nitrate,3,90,85,1672,Static,High,1.028654508
Copper Alloy,Polymer Coating,Mixed,4,0,20,659,Dynamic,Moderate,1.021044574
Titanium-Based Alloy,Nickel Coating,Sulfate,2,0,45,934,Static,High,1.020695629
Titanium-Based Alloy,Nickel Coating,Mixed,5,85,65,2764,Dynamic,Moderate,1.015093764
Copper Alloy,Anodized Coating,Sulfate,9,55,10,777,Static,High,1.008460985
Titanium-Based Alloy,Zinc Coating,Mixed,11,10,65,509,Dynamic,High,1.00721274
Titanium-Based Alloy,Nickel Coating,Nitrate,2,0,80,3599,Static,Low,1.00253983
Titanium-Based Alloy,Paint Coating,Chloride,8,80,25,2473,Dynamic,High,1.002246131
Stainless Steel,Paint Coating,Nitrate,9,100,15,245,Static,High,1.001097486
Nickel-Based Alloy,Anodized Coating,Mixed,4,0,60,2236,Static,Low,1.001071311
Nickel-Based Alloy,Paint Coating,Mixed,8,15,50,232,Dynamic,Low,0.999717755
Nickel-Based Alloy,Zinc Coating,Sulfate,6,90,15,54,Dynamic,Low,0.998797435
Stainless Steel,Anodized Coating,Carbonate,6,-20,65,3570,Static,Low,0.996134272
Titanium-Based Alloy,Phosphate Conversion,Nitrate,8,35,85,1645,Static,Moderate,0.987155438
Aluminum Alloy,Nickel Coating,Mixed,9,60,15,24,Static,Moderate,0.982064506
Stainless Steel,Polymer Coating,Mixed,10,100,15,780,Static,High,0.977112743
Titanium-Based Alloy,Anodized Coating,Nitrate,11,-10,75,3340,Dynamic,Moderate,0.972556577
Nickel-Based Alloy,Zinc Coating,Nitrate,6,-20,65,1757,Static,Moderate,0.971599007
Titanium-Based Alloy,Chromium Coating,Sulfate,8,30,65,1884,Dynamic,Moderate,0.971547891
Nickel-Based Alloy,Zinc Coating,Chloride,7,0,25,406,Static,Moderate,0.969735424
Titanium-Based Alloy,Nickel Coating,Chloride,6,45,50,434,Static,Moderate,0.968572475
Composite Material,Paint Coating,Carbonate,2,85,65,882,Dynamic,High,0.947128011
Titanium-Based Alloy,Chromium Coating,Sulfate,9,45,80,2167,Static,Moderate,0.946754448
Copper Alloy,Chromium Coating,Nitrate,4,20,25,2707,Static,Low,0.928855682
Composite Material,Anodized Coating,Chloride,2,90,60,611,Static,Moderate,0.922269478
Titanium-Based Alloy,Anodized Coating,Sulfate,2,30,35,2983,Dynamic,Low,0.920939262
Titanium-Based Alloy,Zinc Coating,Mixed,2,-15,95,978,Dynamic,Low,0.912653125
Nickel-Based Alloy,Nickel Coating,Mixed,3,50,25,516,Static,Low,0.912443911
Titanium-Based Alloy,Chromium Coating,Chloride,9,-10,100,604,Static,Moderate,0.910668166
Titanium-Based Alloy,Anodized Coating,Sulfate,6,75,45,3303,Dynamic,Low,0.907450755
Copper Alloy,Chromium Coating,Carbonate,10,25,20,1283,Static,Low,0.897772254
Titanium-Based Alloy,Chromium Coating,Mixed,11,40,40,2488,Static,High,0.89252458
Composite Material,Anodized Coating,Chloride,4,45,90,467,Dynamic,Moderate,0.890700722
Aluminum Alloy,Nickel Coating,Mixed,9,25,15,2103,Static,Moderate,0.886924243
Titanium-Based Alloy,Zinc Coating,Chloride,6,-10,85,1150,Static,Moderate,0.886532016
Titanium-Based Alloy,Nickel Coating,Carbonate,4,70,85,588,Static,High,0.882895798
Composite Material,Chromium Coating,Sulfate,2,95,65,1580,Static,Moderate,0.879158274
Titanium-Based Alloy,Phosphate Conversion,Nitrate,8,75,85,2091,Static,Low,0.874273278
Titanium-Based Alloy,Polymer Coating,Carbonate,10,55,100,906,Static,Moderate,0.873081429
Nickel-Based Alloy,Zinc Coating,Nitrate,5,-10,50,159,Dynamic,Low,0.869122446
Nickel-Based Alloy,Zinc Coating,Chloride,6,15,20,1490,Dynamic,Low,0.865965324
Copper Alloy,Nickel Coating,Nitrate,8,100,10,2362,Static,Moderate,0.865295567
Titanium-Based Alloy,Anodized Coating,Nitrate,3,35,45,263,Dynamic,Low,0.861118144
Titanium-Based Alloy,Polymer Coating,Nitrate,5,5,60,3246,Dynamic,High,0.856701556
Stainless Steel,Nickel Coating,Carbonate,12,0,15,1313,Dynamic,High,0.854441852
Titanium-Based Alloy,Chromium Coating,Carbonate,3,-5,45,1900,Dynamic,High,0.843290456
Composite Material,Chromium Coating,Chloride,4,65,90,193,Static,Moderate,0.842854727
Titanium-Based Alloy,Polymer Coating,Carbonate,5,-15,95,2168,Dynamic,High,0.839334853
Stainless Steel,Anodized Coating,Carbonate,12,35,15,1325,Dynamic,Low,0.833180183
Titanium-Based Alloy,Zinc Coating,Nitrate,12,25,55,732,Static,Low,0.819170236
Aluminum Alloy,Paint Coating,Mixed,8,10,15,581,Dynamic,Low,0.81872435
Copper Alloy,Paint Coating,Chloride,7,20,10,1011,Dynamic,Low,0.818480737
Titanium-Based Alloy,Phosphate Conversion,Chloride,12,-15,35,227,Dynamic,Moderate,0.817911814
Aluminum Alloy,Chromium Coating,Mixed,5,10,15,2043,Static,Moderate,0.817835088
Titanium-Based Alloy,Phosphate Conversion,Mixed,2,30,65,2338,Static,Low,0.812318521
Titanium-Based Alloy,Phosphate Conversion,Sulfate,8,-5,75,2540,Dynamic,Low,0.811399867
Stainless Steel,Anodized Coating,Sulfate,8,-20,25,39,Dynamic,Moderate,0.809951013
Stainless Steel,Nickel Coating,Mixed,6,40,15,3575,Dynamic,High,0.80982059
Titanium-Based Alloy,Phosphate Conversion,Nitrate,3,70,35,2388,Dynamic,Low,0.808915369
Composite Material,Paint Coating,Carbonate,12,95,70,1908,Dynamic,High,0.803744174
Nickel-Based Alloy,Anodized Coating,Chloride,5,0,15,1694,Dynamic,Moderate,0.801401764
Titanium-Based Alloy,Nickel Coating,Carbonate,8,35,80,3495,Dynamic,Low,0.800103529
Stainless Steel,Nickel Coating,Mixed,8,5,30,2560,Dynamic,Low,0.799070393
Titanium-Based Alloy,Nickel Coating,Mixed,12,-20,85,397,Static,Moderate,0.795169558
Copper Alloy,Zinc Coating,Carbonate,2,-15,15,909,Dynamic,Low,0.785805172
Titanium-Based Alloy,Phosphate Conversion,Chloride,4,60,50,3159,Static,Low,0.785339529
Titanium-Based Alloy,Polymer Coating,Nitrate,6,15,70,482,Dynamic,High,0.78488508
Aluminum Alloy,Chromium Coating,Carbonate,4,-5,20,3029,Static,Low,0.781222031
Titanium-Based Alloy,Polymer Coating,Mixed,5,65,55,3348,Dynamic,Moderate,0.781010556
Titanium-Based Alloy,Paint Coating,Carbonate,2,-15,80,2812,Dynamic,Moderate,0.780607946
Titanium-Based Alloy,Nickel Coating,Chloride,8,-5,60,3133,Static,Moderate,0.779741714
Titanium-Based Alloy,Polymer Coating,Mixed,12,-20,100,3400,Static,Moderate,0.777970324
Composite Material,Nickel Coating,Mixed,12,50,85,915,Static,High,0.776657896
Composite Material,Nickel Coating,Mixed,2,30,85,1375,Dynamic,High,0.770141077
Copper Alloy,Paint Coating,Nitrate,4,45,10,599,Dynamic,Low,0.766654825
Titanium-Based Alloy,Chromium Coating,Chloride,9,-10,65,260,Dynamic,Moderate,0.761332394
Copper Alloy,Nickel Coating,Nitrate,4,10,15,422,Dynamic,Low,0.761285691
Nickel-Based Alloy,Nickel Coating,Nitrate,5,95,20,913,Dynamic,Low,0.76098468
Titanium-Based Alloy,Nickel Coating,Sulfate,9,0,75,1122,Static,Moderate,0.759682879
Nickel-Based Alloy,Polymer Coating,Mixed,5,0,40,807,Static,High,0.759616049
Stainless Steel,Polymer Coating,Sulfate,7,-10,25,465,Dynamic,Low,0.75938358
Nickel-Based Alloy,Phosphate Conversion,Chloride,12,0,10,154,Static,Moderate,0.758325677
Titanium-Based Alloy,Zinc Coating,Chloride,6,80,35,3283,Static,High,0.757161193
Titanium-Based Alloy,Anodized Coating,Nitrate,2,-20,95,248,Static,Low,0.754690992
Composite Material,Chromium Coating,Mixed,2,85,80,974,Dynamic,Low,0.751410713
Composite Material,Paint Coating,Chloride,5,80,60,2794,Dynamic,Moderate,0.747555007
Copper Alloy,Polymer Coating,Nitrate,8,45,10,2666,Dynamic,Moderate,0.744288793
Composite Material,Zinc Coating,Mixed,2,70,70,2619,Dynamic,Moderate,0.743555319
Nickel-Based Alloy,Chromium Coating,Nitrate,5,5,25,3534,Static,High,0.735061592
Stainless Steel,Polymer Coating,Chloride,5,50,10,2020,Static,Moderate,0.723509129
Composite Material,Polymer Coating,Chloride,10,40,95,2636,Dynamic,Moderate,0.721802886
Titanium-Based Alloy,Zinc Coating,Mixed,12,40,55,2308,Static,Low,0.713984975
Composite Material,Paint Coating,Nitrate,11,90,65,3147,Dynamic,Moderate,0.711370627
Nickel-Based Alloy,Paint Coating,Chloride,10,45,10,178,Static,High,0.710214642
Composite Material,Chromium Coating,Sulfate,11,75,75,2071,Static,Low,0.704091342
Titanium-Based Alloy,Polymer Coating,Mixed,12,30,60,55,Static,Moderate,0.700825173
Copper Alloy,Paint Coating,Carbonate,9,0,15,2730,Dynamic,Moderate,0.695590081
Composite Material,Zinc Coating,Chloride,11,10,65,858,Dynamic,Moderate,0.693761814
Nickel-Based Alloy,Anodized Coating,Nitrate,2,-15,20,602,Dynamic,Low,0.69211953
Nickel-Based Alloy,Anodized Coating,Chloride,8,-10,30,2978,Static,Low,0.685741395
Composite Material,Chromium Coating,Chloride,5,45,95,73,Static,Moderate,0.68408126
Titanium-Based Alloy,Phosphate Conversion,Mixed,9,-20,95,2944,Dynamic,Moderate,0.683616707
Titanium-Based Alloy,Zinc Coating,Carbonate,7,-10,75,616,Dynamic,High,0.68332144
Nickel-Based Alloy,Nickel Coating,Sulfate,8,35,15,778,Static,High,0.673886339
Composite Material,Zinc Coating,Chloride,4,60,55,2766,Dynamic,High,0.671168441
Stainless Steel,Nickel Coating,Carbonate,6,-20,40,2904,Static,Low,0.668343913
Composite Material,Paint Coating,Chloride,9,-15,85,3085,Dynamic,High,0.66713802
Nickel-Based Alloy,Nickel Coating,Sulfate,4,-10,15,1079,Dynamic,High,0.659663761
Titanium-Based Alloy,Nickel Coating,Carbonate,8,50,45,632,Dynamic,High,0.652201953
Composite Material,Paint Coating,Nitrate,11,55,80,3557,Static,High,0.64825785
Composite Material,Phosphate Conversion,Mixed,10,65,90,1268,Dynamic,High,0.640625879
Copper Alloy,Zinc Coating,Carbonate,9,20,10,879,Dynamic,High,0.638810208
Nickel-Based Alloy,Nickel Coating,Carbonate,2,45,15,3490,Static,Low,0.637681407
Titanium-Based Alloy,Anodized Coating,Carbonate,5,5,85,1311,Static,Moderate,0.635414696
Titanium-Based Alloy,Phosphate Conversion,Chloride,10,-20,85,3359,Static,Low,0.635261735
Composite Material,Paint Coating,Chloride,5,30,95,3626,Dynamic,Low,0.629635408
Titanium-Based Alloy,Anodized Coating,Sulfate,5,30,60,1133,Static,Low,0.629446625
Composite Material,Anodized Coating,Chloride,8,0,95,888,Dynamic,High,0.628511916
Titanium-Based Alloy,Paint Coating,Chloride,2,-20,25,1264,Dynamic,High,0.624057669
Copper Alloy,Polymer Coating,Carbonate,5,-5,15,1898,Dynamic,Moderate,0.622778237
Composite Material,Anodized Coating,Sulfate,9,85,75,2143,Dynamic,Low,0.622669048
Nickel-Based Alloy,Anodized Coating,Carbonate,9,20,20,957,Dynamic,Moderate,0.616723273
Titanium-Based Alloy,Phosphate Conversion,Mixed,7,80,70,567,Static,Low,0.616323217
Copper Alloy,Polymer Coating,Carbonate,2,10,10,1630,Static,Moderate,0.613413799
Titanium-Based Alloy,Nickel Coating,Sulfate,5,65,50,2694,Static,Low,0.6102433
Composite Material,Polymer Coating,Sulfate,2,-10,55,1127,Dynamic,High,0.602099945
Titanium-Based Alloy,Zinc Coating,Carbonate,5,0,85,3145,Dynamic,Moderate,0.591838143
Composite Material,Phosphate Conversion,Mixed,4,80,95,278,Dynamic,High,0.591797275
Titanium-Based Alloy,Anodized Coating,Nitrate,7,20,50,2687,Dynamic,Moderate,0.585845534
Stainless Steel,Chromium Coating,Nitrate,6,35,10,631,Static,High,0.582714854
Composite Material,Polymer Coating,Sulfate,4,65,60,2422,Dynamic,High,0.581466899
Stainless Steel,Nickel Coating,Carbonate,7,-5,25,2060,Static,Moderate,0.579563863
Stainless Steel,Polymer Coating,Mixed,2,25,10,2710,Dynamic,Moderate,0.576340046
Composite Material,Anodized Coating,Sulfate,3,80,45,48,Static,Moderate,0.57354185
Stainless Steel,Anodized Coating,Carbonate,8,0,20,3192,Dynamic,Moderate,0.572945781
Nickel-Based Alloy,Zinc Coating,Carbonate,8,45,15,1732,Dynamic,Moderate,0.57118442
Composite Material,Polymer Coating,Nitrate,11,90,75,730,Static,Low,0.570870842
Titanium-Based Alloy,Polymer Coating,Mixed,12,30,35,3009,Static,Moderate,0.567165438
Nickel-Based Alloy,Chromium Coating,Nitrate,10,15,30,354,Static,Low,0.561602279
Composite Material,Phosphate Conversion,Carbonate,12,-10,85,923,Dynamic,High,0.557816666
Titanium-Based Alloy,Nickel Coating,Carbonate,4,90,35,3149,Dynamic,Moderate,0.555704928
Composite Material,Nickel Coating,Mixed,3,100,80,3456,Static,Low,0.554688815
Titanium-Based Alloy,Anodized Coating,Mixed,8,60,30,2508,Dynamic,High,0.553474534
Titanium-Based Alloy,Chromium Coating,Nitrate,9,-10,60,2405,Static,High,0.548664605
Composite Material,Nickel Coating,Nitrate,5,55,65,2569,Dynamic,High,0.547158202
Titanium-Based Alloy,Chromium Coating,Mixed,3,40,30,1932,Dynamic,Moderate,0.545437279
Composite Material,Anodized Coating,Sulfate,7,15,95,459,Static,High,0.542112631
Titanium-Based Alloy,Anodized Coating,Nitrate,10,60,50,1471,Static,Low,0.541302518
Titanium-Based Alloy,Paint Coating,Chloride,12,-10,15,1808,Dynamic,High,0.53716654
Composite Material,Zinc Coating,Sulfate,5,45,85,2139,Static,High,0.536133769
Nickel-Based Alloy,Chromium Coating,Mixed,4,-15,25,851,Static,High,0.535664487
Stainless Steel,Paint Coating,Mixed,11,-20,10,2932,Dynamic,Moderate,0.533966454
Stainless Steel,Nickel Coating,Carbonate,4,70,15,1123,Static,Low,0.52857225
Titanium-Based Alloy,Paint Coating,Sulfate,12,-15,40,1261,Static,Low,0.526589357
Stainless Steel,Phosphate Conversion,Nitrate,7,65,10,3104,Static,Moderate,0.520341363
Titanium-Based Alloy,Chromium Coating,Nitrate,7,90,55,750,Static,Low,0.518645876
Composite Material,Phosphate Conversion,Chloride,6,85,55,3038,Static,Moderate,0.517934201
Titanium-Based Alloy,Phosphate Conversion,Carbonate,8,25,55,270,Dynamic,Low,0.515627808
Nickel-Based Alloy,Phosphate Conversion,Mixed,4,40,15,2206,Static,High,0.515071112
Titanium-Based Alloy,Nickel Coating,Carbonate,3,40,50,721,Static,Low,0.514885517
Titanium-Based Alloy,Polymer Coating,Sulfate,3,85,10,3539,Dynamic,High,0.511356805
Titanium-Based Alloy,Anodized Coating,Chloride,6,10,55,2699,Static,Low,0.505731294
Composite Material,Nickel Coating,Chloride,3,55,35,3368,Dynamic,Low,0.501638815
Titanium-Based Alloy,Anodized Coating,Chloride,7,-15,50,1963,Static,Low,0.499745618
Composite Material,Polymer Coating,Sulfate,4,40,75,3611,Dynamic,Moderate,0.497571371
Composite Material,Polymer Coating,Carbonate,10,90,80,2843,Dynamic,High,0.49692061
Composite Material,Phosphate Conversion,Nitrate,9,70,70,1929,Static,High,0.492394488
Titanium-Based Alloy,Nickel Coating,Nitrate,10,20,50,3463,Static,Moderate,0.49122105
Stainless Steel,Polymer Coating,Mixed,7,55,10,3037,Dynamic,Moderate,0.490112109
Titanium-Based Alloy,Anodized Coating,Nitrate,8,60,35,2108,Static,High,0.487780804
Nickel-Based Alloy,Chromium Coating,Nitrate,2,20,10,504,Dynamic,Low,0.486506738
Composite Material,Anodized Coating,Chloride,3,-20,60,2149,Dynamic,Moderate,0.485192156
Nickel-Based Alloy,Zinc Coating,Carbonate,5,-5,30,3023,Dynamic,Low,0.4816248
Composite Material,Zinc Coating,Sulfate,2,55,50,739,Static,Low,0.480738376
Titanium-Based Alloy,Polymer Coating,Carbonate,3,60,30,887,Static,Moderate,0.48002526
Titanium-Based Alloy,Polymer Coating,Chloride,6,-15,55,3248,Static,Low,0.47478374
Composite Material,Phosphate Conversion,Chloride,5,95,60,2520,Static,Low,0.473420452
Composite Material,Paint Coating,Mixed,5,35,100,45,Static,High,0.468270133
Titanium-Based Alloy,Zinc Coating,Nitrate,8,70,35,706,Dynamic,Low,0.467713783
Composite Material,Anodized Coating,Nitrate,10,45,60,2453,Dynamic,High,0.467042958
Composite Material,Phosphate Conversion,Carbonate,2,65,45,2798,Dynamic,High,0.462634076
Composite Material,Chromium Coating,Mixed,12,95,40,2689,Dynamic,Moderate,0.458231545
Nickel-Based Alloy,Phosphate Conversion,Mixed,8,95,10,2029,Dynamic,Low,0.448178318
Nickel-Based Alloy,Nickel Coating,Chloride,9,15,15,3648,Static,Low,0.447903695
Composite Material,Chromium Coating,Nitrate,8,30,100,2742,Static,Moderate,0.446238446
Titanium-Based Alloy,Paint Coating,Nitrate,5,45,40,1022,Static,High,0.443185011
Composite Material,Anodized Coating,Sulfate,6,5,90,2319,Dynamic,Low,0.44192116
Stainless Steel,Nickel Coating,Carbonate,6,25,10,1856,Dynamic,High,0.441229705
Composite Material,Anodized Coating,Sulfate,4,10,80,2863,Dynamic,High,0.441107795
Titanium-Based Alloy,Phosphate Conversion,Chloride,8,80,20,2200,Dynamic,Low,0.44070006
Titanium-Based Alloy,Paint Coating,Nitrate,6,65,55,185,Static,Low,0.440647076
Nickel-Based Alloy,Nickel Coating,Sulfate,8,70,10,1900,Static,Moderate,0.440555169
Composite Material,Polymer Coating,Mixed,2,-15,65,2667,Dynamic,High,0.440297521
Stainless Steel,Phosphate Conversion,Mixed,3,25,10,2473,Static,Low,0.440219461
Composite Material,Nickel Coating,Mixed,8,55,90,614,Dynamic,Moderate,0.430292382
Stainless Steel,Anodized Coating,Nitrate,10,-20,15,1160,Dynamic,Low,0.427151558
Titanium-Based Alloy,Polymer Coating,Sulfate,6,85,15,2815,Dynamic,High,0.42565104
Composite Material,Chromium Coating,Chloride,4,10,90,1451,Static,Low,0.424811404
Composite Material,Nickel Coating,Sulfate,7,80,35,960,Dynamic,High,0.423979853
Titanium-Based Alloy,Nickel Coating,Nitrate,6,45,30,2963,Dynamic,Moderate,0.423323397
Composite Material,Polymer Coating,Carbonate,8,65,70,2500,Dynamic,High,0.422882265
Composite Material,Phosphate Conversion,Sulfate,9,90,40,1324,Dynamic,High,0.417652887
Composite Material,Paint Coating,Chloride,5,30,80,3539,Static,Low,0.417319675
Titanium-Based Alloy,Chromium Coating,Carbonate,2,30,30,92,Dynamic,Low,0.414964875
Stainless Steel,Anodized Coating,Mixed,5,45,10,1562,Dynamic,Moderate,0.412665209
Titanium-Based Alloy,Zinc Coating,Nitrate,4,30,45,2916,Static,Low,0.41209877
Titanium-Based Alloy,Phosphate Conversion,Chloride,9,25,25,1930,Dynamic,Low,0.409554155
Composite Material,Chromium Coating,Sulfate,4,40,60,1585,Static,High,0.408094798
Nickel-Based Alloy,Zinc Coating,Mixed,3,-15,15,2068,Static,Low,0.406784554
Composite Material,Paint Coating,Carbonate,9,60,70,2866,Dynamic,Moderate,0.403912083
Stainless Steel,Polymer Coating,Mixed,8,-5,15,1325,Dynamic,Moderate,0.400181713
Titanium-Based Alloy,Anodized Coating,Mixed,12,5,25,997,Static,High,0.399790228
Titanium-Based Alloy,Nickel Coating,Nitrate,2,100,15,3358,Static,High,0.39690868
Titanium-Based Alloy,Zinc Coating,Mixed,7,-15,65,1610,Dynamic,Low,0.393831148
Composite Material,Chromium Coating,Nitrate,11,70,55,287,Static,Low,0.392884613
Composite Material,Nickel Coating,Mixed,11,90,45,926,Dynamic,Low,0.392305096
Nickel-Based Alloy,Polymer Coating,Mixed,5,20,20,2369,Static,Moderate,0.389240108
Composite Material,Nickel Coating,Nitrate,3,45,45,38,Static,Moderate,0.388036625
Composite Material,Polymer Coating,Chloride,9,55,45,555,Dynamic,Moderate,0.381162014
Composite Material,Zinc Coating,Mixed,2,40,55,1547,Static,Moderate,0.377276373
Composite Material,Nickel Coating,Carbonate,12,25,45,3552,Dynamic,Moderate,0.375900599
Titanium-Based Alloy,Nickel Coating,Mixed,8,90,30,524,Static,Moderate,0.372669218
Composite Material,Zinc Coating,Sulfate,10,70,50,3055,Dynamic,Low,0.372296401
Titanium-Based Alloy,Polymer Coating,Sulfate,11,75,10,47,Static,High,0.368957893
Titanium-Based Alloy,Phosphate Conversion,Nitrate,6,5,40,1687,Dynamic,Low,0.364493651
Composite Material,Paint Coating,Carbonate,7,95,70,132,Static,Moderate,0.361616178
Composite Material,Anodized Coating,Mixed,2,5,70,1509,Static,High,0.36141953
Nickel-Based Alloy,Polymer Coating,Sulfate,8,0,15,2074,Static,Low,0.359694376
Stainless Steel,Phosphate Conversion,Mixed,10,45,10,3510,Dynamic,Low,0.357448123
Composite Material,Polymer Coating,Mixed,7,20,100,1215,Dynamic,Moderate,0.35728662
Titanium-Based Alloy,Phosphate Conversion,Mixed,5,35,25,3514,Dynamic,High,0.355608463
Composite Material,Nickel Coating,Nitrate,12,10,70,2598,Static,Moderate,0.352572389
Composite Material,Paint Coating,Chloride,4,45,40,329,Dynamic,Low,0.346525046
Stainless Steel,Paint Coating,Mixed,9,30,15,776,Static,Low,0.343160377
Titanium-Based Alloy,Nickel Coating,Mixed,11,0,30,2201,Static,Moderate,0.342713851
Titanium-Based Alloy,Paint Coating,Carbonate,9,-20,65,40,Static,Moderate,0.341761158
Titanium-Based Alloy,Chromium Coating,Mixed,10,75,45,535,Static,Low,0.340543313
Titanium-Based Alloy,Phosphate Conversion,Chloride,8,85,15,2052,Static,Moderate,0.337499881
Composite Material,Anodized Coating,Chloride,8,10,50,1572,Dynamic,Moderate,0.328505144
Composite Material,Chromium Coating,Carbonate,9,0,100,747,Static,High,0.327343956
Titanium-Based Alloy,Polymer Coating,Chloride,2,35,10,1021,Static,High,0.324524524
Composite Material,Polymer Coating,Nitrate,3,45,30,97,Dynamic,High,0.323849346
Titanium-Based Alloy,Polymer Coating,Chloride,12,-20,15,1098,Dynamic,Moderate,0.323327092
Titanium-Based Alloy,Paint Coating,Sulfate,6,5,50,215,Static,Low,0.322662617
Composite Material,Phosphate Conversion,Nitrate,12,30,45,2314,Dynamic,Moderate,0.315974504
Titanium-Based Alloy,Nickel Coating,Carbonate,12,5,20,1054,Static,High,0.310929126
Composite Material,Polymer Coating,Chloride,4,5,40,228,Dynamic,High,0.310245207
Composite Material,Anodized Coating,Sulfate,11,90,20,3345,Dynamic,Moderate,0.310150402
Composite Material,Anodized Coating,Mixed,3,95,35,3065,Dynamic,Moderate,0.308152258
Composite Material,Anodized Coating,Mixed,7,50,70,3297,Static,High,0.307434108
Composite Material,Phosphate Conversion,Carbonate,12,20,45,107,Static,High,0.30734219
Titanium-Based Alloy,Nickel Coating,Carbonate,10,40,30,2299,Static,High,0.306947806
Composite Material,Anodized Coating,Chloride,12,20,25,917,Static,Moderate,0.306254106
Composite Material,Anodized Coating,Nitrate,10,95,80,1474,Static,Low,0.304315605
Composite Material,Polymer Coating,Mixed,4,65,75,3236,Dynamic,Low,0.30277909
Composite Material,Zinc Coating,Sulfate,10,90,35,651,Static,High,0.298671659
Titanium-Based Alloy,Zinc Coating,Carbonate,4,80,40,184,Static,Low,0.297625142
Nickel-Based Alloy,Polymer Coating,Mixed,7,10,10,726,Static,High,0.294266582
Nickel-Based Alloy,Zinc Coating,Carbonate,6,20,15,1825,Static,Moderate,0.289033924
Titanium-Based Alloy,Polymer Coating,Chloride,9,80,10,770,Static,High,0.288882114
Composite Material,Paint Coating,Carbonate,9,55,70,3089,Dynamic,Low,0.279446619
Composite Material,Nickel Coating,Carbonate,7,-15,80,1615,Dynamic,High,0.276971051
Titanium-Based Alloy,Polymer Coating,Carbonate,6,100,15,532,Static,High,0.269838811
Titanium-Based Alloy,Chromium Coating,Carbonate,6,0,45,3324,Dynamic,Low,0.26740528
Titanium-Based Alloy,Paint Coating,Carbonate,12,25,20,2067,Static,Low,0.264742006
Titanium-Based Alloy,Zinc Coating,Mixed,8,15,20,3606,Dynamic,High,0.261076763
Composite Material,Zinc Coating,Chloride,4,75,25,785,Dynamic,Moderate,0.258945639
Titanium-Based Alloy,Polymer Coating,Carbonate,4,65,20,887,Dynamic,Moderate,0.256744566
Titanium-Based Alloy,Polymer Coating,Sulfate,8,20,25,43,Static,Low,0.256380199
Titanium-Based Alloy,Nickel Coating,Carbonate,4,55,20,3413,Static,High,0.255395376
Composite Material,Anodized Coating,Mixed,12,15,55,1945,Static,Low,0.253945515
Titanium-Based Alloy,Polymer Coating,Carbonate,4,0,40,391,Static,Moderate,0.251738743
Composite Material,Polymer Coating,Carbonate,10,20,90,3121,Static,Low,0.250950066
Titanium-Based Alloy,Anodized Coating,Sulfate,8,0,30,2285,Static,Low,0.249170173
Titanium-Based Alloy,Chromium Coating,Chloride,9,-5,15,1023,Dynamic,High,0.249070514
Titanium-Based Alloy,Paint Coating,Nitrate,4,65,15,1645,Static,High,0.247359333
Composite Material,Polymer Coating,Sulfate,6,15,65,1000,Static,Moderate,0.246636118
Composite Material,Paint Coating,Carbonate,9,55,80,1020,Static,Moderate,0.246457087
Composite Material,Zinc Coating,Chloride,2,30,15,3252,Static,High,0.246275417
Composite Material,Chromium Coating,Sulfate,8,15,65,154,Static,Moderate,0.24458142
Titanium-Based Alloy,Zinc Coating,Mixed,3,30,15,3450,Dynamic,Moderate,0.242206435
Composite Material,Paint Coating,Mixed,7,25,95,3317,Static,Moderate,0.240602155
Composite Material,Paint Coating,Nitrate,3,30,45,3563,Static,Low,0.237576967
Composite Material,Zinc Coating,Carbonate,6,-20,65,2539,Dynamic,High,0.237407213
Composite Material,Polymer Coating,Mixed,10,-10,80,2777,Static,High,0.235753711
Composite Material,Zinc Coating,Carbonate,12,5,35,136,Dynamic,Moderate,0.234067658
Composite Material,Anodized Coating,Nitrate,9,55,55,1401,Static,Low,0.232930458
Titanium-Based Alloy,Phosphate Conversion,Nitrate,10,-15,45,3244,Static,Moderate,0.232481784
Titanium-Based Alloy,Paint Coating,Carbonate,9,80,20,2558,Dynamic,Moderate,0.227034702
Titanium-Based Alloy,Paint Coating,Sulfate,4,70,10,2025,Static,High,0.226840198
Titanium-Based Alloy,Phosphate Conversion,Sulfate,6,70,10,2955,Static,High,0.225215867
Titanium-Based Alloy,Paint Coating,Sulfate,4,-5,25,781,Dynamic,Moderate,0.22358364
Composite Material,Phosphate Conversion,Carbonate,8,0,70,2549,Dynamic,High,0.221445886
Composite Material,Anodized Coating,Mixed,7,45,80,1136,Static,Low,0.218894756
Composite Material,Paint Coating,Chloride,10,55,25,3471,Dynamic,Moderate,0.213494401
Composite Material,Polymer Coating,Mixed,7,-5,80,2697,Static,High,0.209380188
Composite Material,Paint Coating,Carbonate,9,20,70,757,Static,Moderate,0.209209448
Composite Material,Paint Coating,Carbonate,7,30,40,1510,Dynamic,High,0.206246514
Composite Material,Anodized Coating,Carbonate,7,90,35,2901,Dynamic,Low,0.203787778
Composite Material,Phosphate Conversion,Mixed,6,100,35,2899,Dynamic,Low,0.203237178
Composite Material,Nickel Coating,Chloride,7,0,60,787,Static,Low,0.198046859
Composite Material,Chromium Coating,Carbonate,10,30,35,378,Dynamic,High,0.196785465
Composite Material,Nickel Coating,Sulfate,12,40,30,2513,Static,Low,0.187858981
Composite Material,Polymer Coating,Carbonate,3,20,50,821,Static,Low,0.186754537
Composite Material,Phosphate Conversion,Mixed,6,55,45,253,Dynamic,Low,0.186650208
Composite Material,Phosphate Conversion,Chloride,8,85,30,1073,Static,Low,0.186091779
Composite Material,Polymer Coating,Sulfate,9,-15,40,2143,Dynamic,Moderate,0.185007659
Composite Material,Zinc Coating,Sulfate,11,-5,20,3540,Dynamic,Moderate,0.18254544
Nickel-Based Alloy,Zinc Coating,Mixed,5,50,10,2610,Static,Low,0.181944572
Composite Material,Zinc Coating,Nitrate,8,0,50,3179,Static,High,0.18028212
Composite Material,Chromium Coating,Sulfate,9,90,15,1098,Dynamic,High,0.179910879
Composite Material,Polymer Coating,Nitrate,11,90,10,2991,Dynamic,High,0.17885206
Composite Material,Polymer Coating,Carbonate,7,40,40,1175,Static,High,0.175083534
Composite Material,Zinc Coating,Mixed,7,55,45,1562,Dynamic,Low,0.174055299
Composite Material,Anodized Coating,Nitrate,2,55,15,656,Dynamic,High,0.173132443
Composite Material,Phosphate Conversion,Sulfate,11,40,15,3407,Dynamic,Low,0.172190261
Composite Material,Paint Coating,Mixed,3,0,45,2164,Static,Low,0.171236229
Composite Material,Anodized Coating,Carbonate,8,35,65,1119,Static,Low,0.164745524
Composite Material,Polymer Coating,Carbonate,6,-5,95,916,Static,Low,0.163440134
Composite Material,Nickel Coating,Chloride,7,-10,30,3091,Dynamic,Moderate,0.161180651
Composite Material,Nickel Coating,Mixed,11,-10,30,230,Dynamic,Moderate,0.16102435
Composite Material,Zinc Coating,Carbonate,5,45,55,2593,Static,Low,0.157682598
Titanium-Based Alloy,Anodized Coating,Mixed,5,45,20,118,Static,Moderate,0.156553393
Titanium-Based Alloy,Anodized Coating,Sulfate,12,-15,10,589,Static,High,0.155491669
Composite Material,Zinc Coating,Nitrate,10,25,50,2036,Static,Low,0.152111658
Composite Material,Anodized Coating,Sulfate,5,-20,55,2845,Static,Moderate,0.151566066
Composite Material,Nickel Coating,Nitrate,3,20,20,3517,Dynamic,Low,0.151473659
Titanium-Based Alloy,Anodized Coating,Carbonate,6,15,20,196,Dynamic,Moderate,0.148939177
Titanium-Based Alloy,Nickel Coating,Carbonate,10,-20,30,2824,Dynamic,Low,0.14474799
Titanium-Based Alloy,Anodized Coating,Mixed,8,-20,20,3081,Dynamic,High,0.14429686
Composite Material,Paint Coating,Sulfate,4,80,15,2078,Dynamic,High,0.139225036
Composite Material,Paint Coating,Carbonate,8,95,20,450,Dynamic,Moderate,0.136211253
Composite Material,Paint Coating,Nitrate,8,0,50,3049,Static,Moderate,0.135221285
Composite Material,Chromium Coating,Chloride,5,15,25,3495,Static,Low,0.133977752
Composite Material,Nickel Coating,Mixed,5,-15,50,2086,Static,High,0.12536913
Composite Material,Nickel Coating,Carbonate,3,10,20,805,Static,High,0.123335063
Composite Material,Polymer Coating,Sulfate,6,20,15,2268,Dynamic,High,0.120029671
Composite Material,Paint Coating,Mixed,9,15,35,699,Dynamic,Low,0.11593644
Composite Material,Phosphate Conversion,Sulfate,9,-15,35,3030,Static,High,0.115349001
Composite Material,Polymer Coating,Chloride,5,100,15,2112,Static,Low,0.111544663
Composite Material,Polymer Coating,Chloride,6,25,25,2590,Static,Low,0.110548984
Composite Material,Phosphate Conversion,Sulfate,3,85,10,2286,Static,Low,0.108482214
Composite Material,Nickel Coating,Nitrate,6,55,25,1845,Static,Low,0.105455611
Titanium-Based Alloy,Anodized Coating,Nitrate,7,0,15,2178,Static,Moderate,0.103009499
Titanium-Based Alloy,Zinc Coating,Nitrate,7,20,10,1684,Dynamic,Low,0.094331431
Composite Material,Chromium Coating,Nitrate,8,0,35,655,Static,Low,0.093129673
Titanium-Based Alloy,Chromium Coating,Carbonate,5,30,10,309,Static,Moderate,0.091914226
Composite Material,Zinc Coating,Carbonate,3,40,15,3221,Static,Low,0.085863972
Titanium-Based Alloy,Polymer Coating,Sulfate,8,-5,10,2358,Static,Moderate,0.082418599
Composite Material,Phosphate Conversion,Mixed,7,95,15,3166,Static,Moderate,0.07919929
Composite Material,Zinc Coating,Sulfate,11,-10,15,3209,Static,Low,0.078981952
Composite Material,Paint Coating,Nitrate,9,5,25,1384,Static,Moderate,0.075251324
Composite Material,Paint Coating,Carbonate,8,55,10,2297,Dynamic,High,0.071970351
Titanium-Based Alloy,Polymer Coating,Mixed,4,-15,15,1237,Static,Low,0.069261882
Composite Material,Nickel Coating,Mixed,3,75,10,2274,Static,Moderate,0.065049127
Composite Material,Zinc Coating,Mixed,11,0,15,37,Static,Moderate,0.063677822
Composite Material,Polymer Coating,Carbonate,8,50,15,960,Dynamic,Moderate,0.062896929
Composite Material,Nickel Coating,Carbonate,4,25,20,2890,Dynamic,Low,0.055363353
Composite Material,Anodized Coating,Nitrate,11,0,10,1186,Static,Moderate,0.051636144
Composite Material,Anodized Coating,Carbonate,12,-10,15,1258,Static,Low,0.050551524
Composite Material,Polymer Coating,Carbonate,4,20,15,3621,Dynamic,Moderate,0.050458039
Titanium-Based Alloy,Zinc Coating,Nitrate,7,-20,10,2921,Static,Low,0.050356848
Composite Material,Phosphate Conversion,Nitrate,5,10,15,1272,Static,High,0.050037534
Composite Material,Nickel Coating,Mixed,7,-5,20,2065,Dynamic,Low,0.048631456
Composite Material,Phosphate Conversion,Mixed,6,55,10,2250,Dynamic,Moderate,0.047890281
Composite Material,Chromium Coating,Carbonate,3,20,10,1306,Dynamic,Low,0.047453449
Composite Material,Zinc Coating,Carbonate,10,30,10,3606,Static,High,0.043235676
Composite Material,Chromium Coating,Nitrate,8,20,10,1741,Static,High,0.040632468
Composite Material,Anodized Coating,Carbonate,4,35,10,3380,Static,High,0.037475639
Composite Material,Phosphate Conversion,Carbonate,4,50,10,1012,Static,Moderate,0.035290693
Composite Material,Polymer Coating,Carbonate,4,40,10,2197,Dynamic,Moderate,0.03507325
